Name,Smile,Class
propisergide,C[C@H](CO)NC(=O)[C@H]1CN(C)[C@@H]2Cc3cn(C)c4cccc(C2=C1)c34,0
sancycline,CN(C)[C@H]1[C@@H]2C[C@@H]3Cc4cccc(O)c4C(=O)C3=C(O)[C@]2(O)C(=O)C(=C1O)C(=O)N,0
metoserpate,CO[C@H]1C[C@@H]2CN3CCc4c([nH]c5cc(OC)ccc45)[C@H]3C[C@@H]2[C@@H]([C@H]1OC)C(=O)OC,0
fludiazepam,CN1C(=O)CN=C(c2ccccc2F)c3cc(Cl)ccc13,0
epiestriol,C[C@]12CC[C@H]3[C@H](CCc4cc(O)ccc34)[C@H]1C[C@H](O)[C@@H]2O,0
moprolol,COc1ccccc1OC[C@H](O)CNC(C)C,0
dinoprost,CCCCC[C@H](O)\C=C\[C@H]1[C@H](O)C[C@H](O)[C@@H]1C\C=C/CCCC(=O)O,0
dexpropranolol,CC(C)NC[C@@H](O)COc1cccc2ccccc12,0
delorazepam,Clc1ccc2NC(=O)CN=C(c3ccccc3Cl)c2c1,0
chlorcyclizine,CN1CCN(CC1)[C@H](c2ccccc2)c3ccc(Cl)cc3,0
doxibetasol,C[C@@H]1C[C@H]2[C@@H]3CCC4=CC(=O)C=C[C@]4(C)[C@@]3(F)[C@@H](O)C[C@]2(C)[C@@]1(O)C(=O)C,0
glucosamine,N[C@H]1[C@H](O)O[C@H](CO)[C@@H](O)[C@@H]1O,0
cephacetrile,CC(=O)OCC1=C(N2[C@H](SC1)[C@H](NC(=O)CC#N)C2=O)C(=O)O,0
deanol aceglumate,CC(=O)N[C@@H](CCC(=O)O)C(=O)O,0
nordazepam,Clc1ccc2NC(=O)CN=C(c3ccccc3)c2c1,0
nimetazepam,CN1C(=O)CN=C(c2ccccc2)c3cc(ccc13)[N+](=O)[O-],0
decloxizine,OCCOCCN1CCN(CC1)C(c2ccccc2)c3ccccc3,0
monothioglycerol,OC[C@H](O)CS,0
broxuridine,OC[C@H]1O[C@H](C[C@@H]1O)N2C=C(Br)C(=O)NC2=O,0
flumethiazide,NS(=O)(=O)c1cc2c(cc1C(F)(F)F)N=CNS2(=O)=O,0
ibacitabine,NC1=NC(=O)N(C=C1I)[C@H]2C[C@H](O)[C@@H](CO)O2,0
bupranolol,Cc1ccc(Cl)c(OC[C@H](O)CNC(C)(C)C)c1,0
cifostodine,NC1=NC(=O)N(C=C1)[C@@H]2O[C@H](CO)[C@H]3OP(=O)(O)O[C@@H]23,0
diflucortolone,C[C@@H]1C[C@H]2[C@@H]3C[C@H](F)C4=CC(=O)C=C[C@]4(C)[C@@]3(F)[C@@H](O)C[C@]2(C)[C@H]1C(=O)CO,0
chloropyramine,CN(C)CCN(Cc1ccc(Cl)cc1)c2ccccn2,0
malic acid,O[C@@H](CC(=O)O)C(=O)O,0
oxolinic acid,CCN1C=C(C(=O)O)C(=O)c2cc3OCOc3cc12,0
boric acid,OB(O)O,0
triethylenemelamine,C1CN1c2nc(nc(n2)N3CC3)N4CC4,0
nitramisole,[O-][N+](=O)c1cccc(c1)[C@H]2CN3CCSC3=N2,0
monoethanolamine,NCCO,0
glycine,NCC(=O)O,0
"mercury, ammoniated",[NH2-],0
pimethixene,CN1CCC(=C2c3ccccc3Sc4ccccc24)CC1,0
dihydroxyaluminum aminoacetate,NCC(=O)[O-],0
pleuromulin,C[C@H]1CC[C@@]23CCC(=O)[C@H]2[C@]1(C)[C@@H](C[C@@](C)(C=C)[C@@H](O)[C@@H]3C)OC(=O)CO,0
clofibric acid,CC(C)(Oc1ccc(Cl)cc1)C(=O)O,0
dexbrompheniramine,CN(C)CC[C@@H](c1ccc(Br)cc1)c2ccccn2,0
brompheniramine,CN(C)CC[C@H](c1ccc(Br)cc1)c2ccccn2,0
cyclopropane,C1CC1,0
desmethylmisonidazole,OC[C@@H](O)Cn1ccnc1[N+](=O)[O-],0
chloroform,ClC(Cl)Cl,0
paraldehyde,CC1OC(C)OC(C)O1,0
tetroquinone,OC1=C(O)C(=O)C(=C(O)C1=O)O,0
serine,N[C@@H](CO)C(=O)O,0
potassium thiocyanate,[S-]C#N,0
norflurane,FCC(F)(F)F,0
alcohol,CCO,0
toliprolol,CC(C)NC[C@H](O)COc1cccc(C)c1,0
diethanolamine,OCCNCCO,0
gold sodium thiomalate,OC(=O)C[C@H]([S-])C(=O)O,0
isaxonine,CC(C)Nc1ncccn1,0
leucine,CC(C)C[C@H](N)C(=O)O,0
fenfluramine,CCN[C@H](C)Cc1cccc(c1)C(F)(F)F,0
calcium carbimide,[N-2]C#N,0
tetrachloroethylene,ClC(=C(Cl)Cl)Cl,0
medronic acid,OP(=O)(O)CP(=O)(O)O,0
aspartic acid,N[C@@H](CC(=O)O)C(=O)O,0
etidronic acid,CC(O)(P(=O)(O)O)P(=O)(O)O,0
nanofin,C[C@@H]1CCC[C@H](C)N1,0
tranexamic acid,NC[C@@H]1CC[C@H](CC1)C(=O)O,0
mitobronitol,O[C@H](CBr)[C@@H](O)[C@H](O)[C@H](O)CBr,0
thioinosine,OC[C@H]1O[C@H]([C@H](O)[C@@H]1O)n2cnc3C(=S)NC=Nc23,0
levisoprenaline,CC(C)NC[C@@H](O)c1ccc(O)c(O)c1,0
norfenefrine,NC[C@H](O)c1cccc(O)c1,0
pexantel,CN1CCN(CC1)C(=O)C2CCCCC2,0
ethyl chloride,CCCl,0
fenclonine,N[C@@H](Cc1ccc(Cl)cc1)C(=O)O,0
methyl isobutyl ketone,CC(C)CC(=O)C,0
antimony thioglycollate,OC(=O)C[S-],0
chlorphentermine,CC(C)(N)Cc1ccc(Cl)cc1,0
methyl methanesulfonate,COS(=O)(=O)C,0
prothixene,CN(C)CCC=C1c2ccccc2Sc3ccccc13,0
aluminum acetate,CC(=O)[O-],0
isospaglumic acid,CC(=O)N[C@@H](CC(=O)O)C(=O)N[C@@H](CCC(=O)O)C(=O)O,0
methylformamide,CNC=O,0
dichlorodifluoromethane,FC(F)(Cl)Cl,0
flurothyl,FC(F)(F)COCC(F)(F)F,0
amitriptylinoxide,C[N+](C)([O-])CCC=C1c2ccccc2CCc3ccccc13,0
homochlorcyclizine,CN1CCCN(CC1)[C@H](c2ccccc2)c3ccc(Cl)cc3,0
valine,CC(C)[C@H](N)C(=O)O,0
danthron,Oc1cccc2C(=O)c3cccc(O)c3C(=O)c12,0
octanoic acid,CCCCCCCC(=O)O,0
dexamethasone phosphate,C[C@@H]1C[C@H]2[C@@H]3CCC4=CC(=O)C=C[C@]4(C)[C@@]3(F)[C@@H](O)C[C@]2(C)[C@@]1(O)C(=O)COP(=O)(O)O,0
threonine,C[C@@H](O)[C@H](N)C(=O)O,0
methylthioinosine,CSc1ncnc2c1ncn2[C@@H]3O[C@H](CO)[C@@H](O)[C@H]3O,0
acetohydroxamic acid,CC(=O)NO,0
guanazole,Nc1n[nH]c(N)n1,0
phenylethyl alcohol,OCCc1ccccc1,0
glutamic acid,N[C@@H](CCC(=O)O)C(=O)O,0
"calcium phosphate, dibasic",OP(=O)([O-])[O-],0
azauridine,OC[C@H]1O[C@H]([C@H](O)[C@@H]1O)N2N=CC(=O)NC2=O,0
hydroxytoluic acid,Cc1cccc(C(=O)O)c1O,0
bromoform,BrC(Br)Br,0
thenyldiamine,CN(C)CCN(Cc1ccsc1)c2ccccn2,0
carbon tetrachloride,ClC(Cl)(Cl)Cl,0
selenium sulfide,S=[Se]=S,0
amiphenazole,Nc1nc(N)c(s1)c2ccccc2,0
lysine,NCCCC[C@H](N)C(=O)O,0
cypenamine,N[C@H]1CCC[C@@H]1c2ccccc2,0
terbuprol,COC[C@H](O)COC(C)(C)C,0
salicyl alcohol,OCc1ccccc1O,0
mephenesin,Cc1ccccc1OC[C@H](O)CO,0
ether,CCOCC,0
urethane,CCOC(=O)N,0
trichloroacetic acid,OC(=O)C(Cl)(Cl)Cl,0
ortetamine,C[C@H](N)Cc1ccccc1C,0
teflurane,F[C@H](Br)C(F)(F)F,0
dihydroxyaluminum sodium carbonate,O[Al-]1(O)OC(=O)O1,0
aceclidine,CC(=O)O[C@@H]1CN2CCC1CC2,0
metalol,CN[C@H](C)[C@H](O)c1ccc(NS(=O)(=O)C)cc1,0
edetic acid,OC(=O)CN(CCN(CC(=O)O)CC(=O)O)CC(=O)O,0
valpromide,CCCC(CCC)C(=O)N,0
trientine,NCCNCCNCCN,0
ornithine,NCCC[C@H](N)C(=O)O,0
moxastine,CN(C)CCOC(C)(c1ccccc1)c2ccccc2,0
pyrazinamide,NC(=O)c1cnccn1,0
ampyzine,CN(C)c1cnccn1,0
cimemoxin,NNCC1CCCCC1,0
methoxyflurane,COC(F)(F)C(Cl)Cl,0
promoxolane,CC(C)C1(OC[C@@H](CO)O1)C(C)C,0
aminoethyl nitrate,NCCO[N+](=O)[O-],0
foscolic acid,C[C@](O)(C(=O)O)P(=O)(O)[C@](C)(O)C(=O)O,0
cycloleucine,NC1(CCCC1)C(=O)O,0
aminothiadiazole,Nc1nncs1,0
parbendazole,CCCCc1ccc2[nH]c(NC(=O)OC)nc2c1,0
cletoquine,C[C@H](CCCNCCO)Nc1ccnc2cc(Cl)ccc12,0
levomethorphan,COc1ccc2C[C@@H]3[C@@H]4CCCC[C@]4(CCN3C)c2c1,0
meparfynol,CC[C@](C)(O)C#C,0
tubercidine,Nc1ncnc2c1ccn2[C@@H]3O[C@H](CO)[C@@H](O)[C@H]3O,0
loprodiol,OCC(CO)(CCl)CCl,0
guanoctine,CC(C)(C)CC(C)(C)NC(=N)N,0
dichlorotetrafluoroethane,FC(F)(Cl)C(F)(F)Cl,0
lobendazole,CCOC(=O)Nc1nc2ccccc2[nH]1,0
halothane,FC(F)(F)[C@@H](Cl)Br,0
parachlorophenol,Oc1ccc(Cl)cc1,0
benzoic acid,OC(=O)c1ccccc1,0
parvaquone,OC1=C(C2CCCCC2)C(=O)c3ccccc3C1=O,0
tofenacin,CNCCO[C@H](c1ccccc1)c2ccccc2C,0
tolonidine,Cc1ccc(NC2=NCCN2)c(Cl)c1,0
flamenol,COc1cc(O)cc(O)c1,0
toyocamycin,Nc1ncnc2c1c(cn2[C@@H]3O[C@H](CO)[C@@H](O)[C@H]3O)C#N,0
resorcinol,Oc1cccc(O)c1,0
glutaral,O=CCCCC=O,0
carbaspirin calcium,CC(=O)Oc1ccccc1C(=O)[O-],0
tribromoethanol,OCC(Br)(Br)Br,0
prolonium iodide,C[N+](C)(C)CC(O)C[N+](C)(C)C,0
tiformin,NC(=O)CCCNC(=N)N,0
ferrous fumarate,[O-]C(=O)\C=C/C(=O)[O-],0
azaquinzole,C1CN2CCc3ccccc3[C@H]2CN1,0
amidephrine,CNC[C@H](O)c1cccc(NS(=O)(=O)C)c1,0
trichlormethine,ClCCN(CCCl)CCCl,0
ibufenac,CC(C)Cc1ccc(CC(=O)O)cc1,0
metaproterenol,CC(C)NC[C@H](O)c1cc(O)cc(O)c1,0
clorprenaline,CC(C)NC[C@H](O)c1ccccc1Cl,0
hydroquinone,Oc1ccc(O)cc1,0
danosteine,OC(=O)CCSCC(=O)O,0
alanosine,N[C@@H](CN(O)N=O)C(=O)O,0
ditolamide,CCCN(CCC)S(=O)(=O)c1ccc(C)cc1,0
tuaminoheptane,CCCCC[C@H](C)N,0
iopydone,IC1=CNC=C(I)C1=O,0
phenpromethamine,CNC[C@H](C)c1ccccc1,0
triethylenephosphoramide,O=P(N1CC1)(N2CC2)N3CC3,0
tromethamine,NC(CO)(CO)CO,0
azaguanidine,NC1=Nc2nn[nH]c2C(=O)N1,0
mafenide,NCc1ccc(cc1)S(=O)(=O)N,0
acexamic acid,CC(=O)NCCCCCC(=O)O,0
picolamine,NCc1cccnc1,0
clortermine,CC(C)(N)Cc1ccccc1Cl,0
salicylamide,NC(=O)c1ccccc1O,0
hmba,CC(=O)NCCCCCCNC(=O)C,0
tiopronin,C[C@H](S)C(=O)NCC(=O)O,0
clopidol,Cc1nc(C)c(Cl)c(O)c1Cl,0
mequinol,COc1ccc(O)cc1,0
perlapine,CN1CCN(CC1)C2=Nc3ccccc3Cc4ccccc24,0
dichloroxylenol,Cc1cc(O)c(Cl)c(C)c1Cl,0
aminothiazole,Nc1nccs1,0
modaline,Cc1nccnc1N2CCCCC2,0
proline,OC(=O)[C@@H]1CCCN1,0
pempidine,CN1C(C)(C)CCCC1(C)C,0
glucurolactone,O[C@@H]1O[C@@H]2[C@H](O)C(=O)O[C@@H]2[C@H]1O,0
tic-mustard,NC(=O)c1nc[nH]c1N=NN(CCCl)CCCl,0
benzyl alcohol,OCc1ccccc1,0
chloroxylenol,Cc1cc(O)cc(C)c1Cl,0
edetol,C[C@H](O)CN(CCN(C[C@H](C)O)C[C@H](C)O)C[C@H](C)O,0
thioguanine,NC1=Nc2nc[nH]c2C(=S)N1,0
aminacrine,Nc1c2ccccc2nc3ccccc13,0
vinyl ether,C=COC=C,0
cyacetacide,NNC(=O)CC#N,0
symclosene,ClN1C(=O)N(Cl)C(=O)N(Cl)C1=O,0
ibrotamide,CC[C@](Br)(C(C)C)C(=O)N,0
metyridine,COCCc1ccccn1,0
orotic acid,OC(=O)C1=CC(=O)NC(=O)N1,0
"glycerol, iodinated",C[C@H](I)[C@H]1OC[C@@H](CO)O1,0
chlorothen,CN(C)CCN(Cc1ccc(Cl)s1)c2ccccn2,0
etebenecid,CCN(CC)S(=O)(=O)c1ccc(cc1)C(=O)O,0
thymol,CC(C)c1ccc(C)cc1O,0
bismuth subgallate,OC(=O)c1cc(O)c([O-])c([O-])c1,0
propazolamide,CCC(=O)Nc1nnc(s1)S(=O)(=O)N,0
buformin,CCCCNC(=N)NC(=N)N,0
methoxamine,COc1ccc(OC)c(c1)[C@@H](O)[C@H](C)N,0
chlorocresol,Cc1cc(O)ccc1Cl,0
metiapine,CN1CCN(CC1)C2=Nc3ccccc3Sc4ccc(C)cc24,0
nicotinyl alcohol,OCc1cccnc1,0
halazone,OC(=O)c1ccc(cc1)S(=O)(=O)N(Cl)Cl,0
isoleucine,CC[C@H](C)[C@H](N)C(=O)O,0
octodrine,CC(C)CCC[C@H](C)N,0
fluoresone,CCS(=O)(=O)c1ccc(F)cc1,0
aniline mustard,ClCCN(CCCl)c1ccccc1,0
demelverine,CN(CCc1ccccc1)CCc2ccccc2,0
azacyclonol,OC(C1CCNCC1)(c2ccccc2)c3ccccc3,0
sulfonmethane,CCS(=O)(=O)C(C)(C)S(=O)(=O)CC,0
phenaglycodol,CC(C)(O)[C@](C)(O)c1ccc(Cl)cc1,0
thiram,CN(C)C(=S)SSC(=S)N(C)C,0
phanquone,O=C1C(=O)c2ncccc2c3cccnc13,0
quipazine,C1CN(CCN1)c2ccc3ccccc3n2,0
nsc 93236,C[C@]12CC[C@H]3[C@@H](CCc4cc(O)ccc34)[C@@H]1COC2=O,0
tolazoline,C(C1=NCCN1)c2ccccc2,0
sulclamide,NC(=O)c1ccc(Cl)c(c1)S(=O)(=O)N,0
hexylene glycol,C[C@H](O)CC(C)(C)O,0
dibenzothiophene,c1ccc2c(c1)sc3ccccc23,0
pentabamate,C[C@H](OC(=O)N)C(C)[C@H](C)OC(=O)N,0
bithionoloxide,Oc1c(Cl)cc(Cl)cc1S(=O)c2cc(Cl)cc(Cl)c2O,0
sulfonethylmethane,CCC(C)(S(=O)(=O)CC)S(=O)(=O)CC,0
saccharin,O=C1NS(=O)(=O)c2ccccc12,0
medrylamine,COc1ccc(cc1)[C@H](OCCN(C)C)c2ccccc2,0
pentorex,C[C@H](c1ccccc1)C(C)(C)N,0
salazosulfadimidine,Cc1cc(C)nc(NS(=O)(=O)c2ccc(cc2)N=Nc3ccc(O)c(c3)C(=O)O)n1,0
metanixin,Cc1cccc(C)c1Nc2ncccc2C(=O)O,0
racemetirosine,C[C@](N)(Cc1ccc(O)cc1)C(=O)O,0
chlorobutanol,CC(C)(O)C(Cl)(Cl)Cl,0
probarbital,CCC1(C(C)C)C(=O)NC(=O)NC1=O,0
clofenamide,NS(=O)(=O)c1ccc(Cl)c(c1)S(=O)(=O)N,0
bemegride,CCC1(C)CC(=O)NC(=O)C1,0
betahistine,CNCCc1ccccn1,0
bronopol,OCC(Br)(CO)[N+](=O)[O-],0
dimethadione,CC1(C)OC(=O)NC1=O,0
chlorphenesin carbamate,NC(=O)OC[C@H](O)COc1ccc(Cl)cc1,0
desoxypyridoxine,Cc1ncc(CO)c(C)c1O,0
lidoflazine,Cc1cccc(C)c1NC(=O)CN2CCN(CCCC(c3ccc(F)cc3)c4ccc(F)cc4)CC2,0
dimetridazole,Cc1ncc([N+](=O)[O-])n1C,0
dihydralazine,N\N=C\1/NN\C(=N/N)\c2ccccc12,0
cetohexazine,CC1=NNC(=O)C(=C1)C,0
metaterol,CC(C)NC[C@H](O)c1cccc(O)c1,0
nitroxinil,Oc1c(I)cc(cc1[N+](=O)[O-])C#N,0
pyrrocaine,Cc1cccc(C)c1NC(=O)CN2CCCC2,0
aluminum clofibrate,CC(C)(Oc1ccc(Cl)cc1)C(=O)[O-],0
ampyrimine,Nc1nc(N)c2c(nc(N)nc2n1)c3ccccc3,0
cyclopentamine,CN[C@H](C)CC1CCCC1,0
clonitrate,[O-][N+](=O)OC[C@H](CCl)O[N+](=O)[O-],0
persilic acid,Oc1cc(c(O)cc1S(=O)(=O)O)S(=O)(=O)O,0
fluroxene,FC(F)(F)COC=C,0
niclofolan,Oc1c(cc(Cl)cc1[N+](=O)[O-])c2cc(Cl)cc(c2O)[N+](=O)[O-],0
clodronic acid,OP(=O)(O)OC(Cl)(Cl)OP(=O)(O)O,0
dibemethine,CN(Cc1ccccc1)Cc2ccccc2,0
furtrethonium iodide,C[N+](C)(C)Cc1occc1,0
papaveroline,Oc1ccc(Cc2nccc3cc(O)c(O)cc23)cc1O,0
timonacic,OC(=O)[C@@H]1CSCN1,0
oxidopamine,NCCc1cc(O)c(O)cc1O,0
disulfamide,Cc1cc(Cl)c(cc1S(=O)(=O)N)S(=O)(=O)N,0
alanine mustard,C[C@H](N(CCCl)CCCl)C(=O)O,0
diazouracil,[N-]=[N+]=C1C=NC(=O)NC1=O,0
amyl nitrite,CCC(CC)ON=O,0
diaveridine,COc1ccc(Cc2cnc(N)nc2N)cc1OC,0
ticlatone,Clc1ccc2C(=O)NSc2c1,0
terpin,CC(C)(O)[C@@H]1CC[C@](C)(O)CC1,0
triflusal,CC(=O)Oc1cc(ccc1C(=O)O)C(F)(F)F,0
theobromine,CN1C(=O)NC(=O)c2c1ncn2C,0
phenformin,NC(=N)NC(=N)NCCc1ccccc1,0
citiolone,CC(=O)N[C@@H]1CCSC1=O,0
practolol,CC(C)NC[C@H](O)COc1ccc(NC(=O)C)cc1,0
metaglycodol,CC(C)(O)[C@](C)(O)c1cccc(Cl)c1,0
cetophenicol,CC(=O)c1ccc(cc1)[C@@H](O)[C@H](CO)NC(=O)C(Cl)Cl,0
pargyline,CN(CC#C)Cc1ccccc1,0
oxomemazine,C[C@H](CN(C)C)CN1c2ccccc2S(=O)(=O)c3ccccc13,0
dichlorophen,Oc1ccc(Cl)cc1Cc2cc(Cl)ccc2O,0
xylazine,Cc1cccc(C)c1NC2=NCCCS2,0
pcnu,ClCCN(N=O)C(=O)N[C@@H]1CCC(=O)NC1=O,0
allantoin,NC(=O)N[C@H]1NC(=O)NC1=O,0
pantothenic acid,CC(C)(CO)[C@@H](O)C(=O)NCCC(=O)O,0
iopydol,OC[C@H](O)CN1C=C(I)C(=O)C(=C1)I,0
trimethadione,CN1C(=O)OC(C)(C)C1=O,0
descinolone acetonide,CC(=O)[C@@]12OC(C)(C)O[C@@H]1C[C@H]3[C@@H]4CCC5=CC(=O)C=C[C@]5(C)[C@@]4(F)[C@@H](O)C[C@]23C,0
fenamole,Nc1nnnn1c2ccccc2,0
elantrine,CN(C)CC\C=C/1\c2ccccc2CN(C)c3ccccc13,0
iproheptine,CC(C)CCC[C@H](C)NC(C)C,0
cantharidin,C[C@@]12[C@H]3CC[C@H](O3)[C@]1(C)C(=O)OC2=O,0
ethchlorvynol,CC[C@@](O)(\C=C\Cl)C#C,0
triampyzine,CN(C)c1nc(C)c(C)nc1C,0
chloroethyl mesylate,CS(=O)(=O)OCCCl,0
alipamide,CN(C)NC(=O)c1ccc(Cl)c(c1)S(=O)(=O)N,0
sparteine,C1CCN2C[C@@H]3C[C@@H](CN4CCCC[C@@H]34)[C@H]2C1,0
phosphoramide mustard,NP(=O)(O)N(CCCl)CCCl,0
ethinamate,NC(=O)OC1(CCCCC1)C#C,0
fenoxazoline,CC(C)c1ccccc1OCC2=NCCN2,0
quazodine,CCc1ncnc2cc(OC)c(OC)cc12,0
carzolamide,NC(=O)n1cccn1,0
sorbic acid,C\C=C\C=C\C(=O)O,0
nafcaproic acid,CCC(CC)(C(=O)O)c1cccc2ccccc12,0
benzaldehyde,O=Cc1ccccc1,0
mebutamate,CC[C@H](C)C(C)(COC(=O)N)COC(=O)N,0
triclosan,Oc1cc(Cl)ccc1Oc2ccc(Cl)cc2Cl,0
fludorex,CNC[C@H](OC)c1cccc(c1)C(F)(F)F,0
menadiol,Cc1cc(O)c2ccccc2c1O,0
acedoben,CC(=O)Nc1ccc(cc1)C(=O)O,0
tramazoline,C1CCc2c(C1)cccc2NC3=NCCN3,0
chlormidazole,Cc1nc2ccccc2n1Cc3ccc(Cl)cc3,0
clothixamide,CNC(=O)CCN1CCN(CC\C=C/2\c3ccccc3Sc4ccc(Cl)cc24)CC1,0
moroxydine,NC(=N)NC(=N)N1CCOCC1,0
octamoxin,CCCCCC[C@H](C)NN,0
choline chloride,C[N+](C)(C)CCO,0
troclosene potassium,ClN1C(=O)[N-]C(=O)N(Cl)C1=O,0
clobutinol,C[C@H](CN(C)C)[C@@](C)(O)Cc1ccc(Cl)cc1,0
aklomide,NC(=O)c1ccc(cc1Cl)[N+](=O)[O-],0
histamine,NCCc1c[nH]cn1,0
valnoctamide,CC[C@H](C)[C@@H](CC)C(=O)N,0
carbinoxamine,CN(C)CCO[C@H](c1ccc(Cl)cc1)c2ccccn2,0
amcinafal,CCC1(CC)O[C@@H]2C[C@H]3[C@@H]4CCC5=CC(=O)C=C[C@]5(C)[C@@]4(F)[C@@H](O)C[C@]3(C)[C@@]2(O1)C(=O)CO,0
ipronidazole,CC(C)c1ncc([N+](=O)[O-])n1C,0
mebanazine,C[C@H](NN)c1ccccc1,0
ternidazole,Cc1ncc([N+](=O)[O-])n1CCCO,0
fenadiazole,Oc1ccccc1c2ocnn2,0
ethypicone,CCC1(CC)C(=O)NC=C(C)C1=O,0
chloramine-t,Cc1ccc(cc1)S(=O)(=O)[N-]Cl,0
fosfosal,OC(=O)c1ccccc1OP(=O)(O)O,0
diethadione,CCC1(CC)COC(=O)NC1=O,0
dioxifedrine,CN[C@H](C)[C@H](O)c1ccc(O)c(O)c1,0
phenprobamate,NC(=O)OCCCc1ccccc1,0
serotonin,NCCc1c[nH]c2ccc(O)cc12,0
embramine,CN(C)CCO[C@](C)(c1ccccc1)c2ccc(Br)cc2,0
pentifylline,CCCCCCN1C(=O)N(C)c2ncn(C)c2C1=O,0
bromisovalum,CC(C)[C@@H](Br)C(=O)NC(=O)N,0
tybamate,CCCCNC(=O)OC[C@@](C)(CCC)COC(=O)N,0
brocresine,NOCc1ccc(Br)c(O)c1,0
elanzepine,CN(C)CC\C=C\1/c2ccccc2CNc3cc(Cl)ccc13,0
demoxepam,[O-][N+]1=C(c2ccccc2)c3cc(Cl)ccc3NC(=O)C1,0
metazamide,COc1ccc(cc1)N2C(=CNC2=O)C,0
resorcinol monoacetate,CC(=O)Oc1cccc(O)c1,0
taglutimide,O=C1CC[C@@H](N2C(=O)[C@@H]3[C@@H]4CC[C@@H](C4)[C@@H]3C2=O)C(=O)N1,0
dipyrocetyl,CC(=O)Oc1cccc(C(=O)O)c1OC(=O)C,0
sulfiram,CCN(CC)C(=S)SC(=S)N(CC)CC,0
niacinamide,NC(=O)c1cccnc1,0
hexamidine,NC(=N)c1ccc(OCCCCCCOc2ccc(cc2)C(=N)N)cc1,0
thiouracil,O=C1NC(=S)NC=C1,0
imidazopyrazole,C1Cn2nccc2N1,0
ectylurea,CC\C(=C\C)\C(=O)NC(=O)N,0
triacetin,CC(=O)OCC(COC(=O)C)OC(=O)C,0
bitoscanate,S=C=Nc1ccc(cc1)N=C=S,0
secnidazole,C[C@H](O)Cn1c(C)ncc1[N+](=O)[O-],0
noreximide,O=C1NC(=O)[C@H]2[C@H]3C[C@H](C=C3)[C@@H]12,0
carbaril,CNC(=O)Oc1cccc2ccccc12,0
butoxamine,COc1ccc(OC)c(c1)[C@@H](O)[C@H](C)NC(C)(C)C,0
iodothiouracil,IC1=CNC(=S)NC1=O,0
salacetamide,CC(=O)NC(=O)c1ccccc1O,0
mepiroxol,OCc1ccc[n+]([O-])c1,0
ditiocarb sodium,CCN(CC)C(=S)[S-],0
betaine chloride,C[N+](C)(C)CC(=O)O,0
porfiromycin,CO[C@@]12[C@H](COC(=O)N)C3=C(N1C[C@H]4[C@@H]2N4C)C(=O)C(=C(N)C3=O)C,0
methacholine chloride,C[C@H](C[N+](C)(C)C)OC(=O)C,0
levofacetoperane,CC(=O)O[C@H]([C@H]1CCCCN1)c2ccccc2,0
aminohippuric acid,Nc1ccc(cc1)C(=O)NCC(=O)O,0
carfimate,NC(=O)O[C@H](C#C)c1ccccc1,0
clorindanic acid,OC(=O)c1cc(Cl)c2CCCc2c1O,0
soterenol,CC(C)NC[C@H](O)c1ccc(O)c(NS(=O)(=O)C)c1,0
fenipentol,CCCC[C@H](O)c1ccccc1,0
oxiperomide,O=C1Nc2ccccc2N1C3CCN(CCOc4ccccc4)CC3,0
nitromide,NC(=O)c1cc(cc(c1)[N+](=O)[O-])[N+](=O)[O-],0
deterenol,CC(C)NC[C@H](O)c1ccc(O)cc1,0
pheniprazine,C[C@H](Cc1ccccc1)NN,0
acetryptine,CC(=O)c1ccc2[nH]cc(CCN)c2c1,0
nithiamide,CC(=O)Nc1ncc(s1)[N+](=O)[O-],0
metazocine,C[C@@H]1[C@@H]2Cc3ccc(O)cc3[C@@]1(C)CCN2C,0
undecylenic acid,OC(=O)CCCCCCCCC=C,0
amiquinsin,COc1cc2nccc(N)c2cc1OC,0
oxophenarsine,Nc1cc(ccc1O)[As]=O,0
paramethadione,CC[C@@]1(C)OC(=O)N(C)C1=O,0
styramate,NC(=O)OC[C@H](O)c1ccccc1,0
methylparaben,COC(=O)c1ccc(O)cc1,0
glypinamide,Clc1ccc(cc1)S(=O)(=O)NC(=O)NN2CCCCCC2,0
bromchlorenone,Clc1cc2NC(=O)Oc2cc1Br,0
doxenitoin,O=C1NCNC1(c2ccccc2)c3ccccc3,0
dimefadane,CN(C)[C@H]1C[C@H](c2ccccc2)c3ccccc13,0
pinoxepin,OCCN1CCN(CC\C=C/2\c3ccccc3COc4ccc(Cl)cc24)CC1,0
metacetamol,CC(=O)Nc1cccc(O)c1,0
gapicomine,C(NCc1ccncc1)c2ccncc2,0
quinetolate,COc1ccc2nccc(NCCN(C)C)c2c1,0
methoxyphedrine,CN[C@@H](C)C(=O)c1ccc(OC)cc1,0
tribuzone,CC(C)(C)C(=O)CCC1C(=O)N(N(C1=O)c2ccccc2)c3ccccc3,0
ketipramine,CN(C)CCCN1c2ccccc2CC(=O)c3ccccc13,0
improsulfan,CS(=O)(=O)OCCCNCCCOS(=O)(=O)C,0
chloral betaine,C[N+](C)(C)CC(=O)[O-],0
etryptamine,CC[C@H](N)Cc1c[nH]c2ccccc12,0
glyclopyramide,Clc1ccc(cc1)S(=O)(=O)NC(=O)NN2CCCC2,0
cyclazocine,C[C@H]1[C@H]2Cc3ccc(O)cc3[C@]1(C)CCN2CC4CC4,0
pyrithyldione,CCC1(CC)C(=O)NC=CC1=O,0
oxycinchophen,OC(=O)c1c(O)c(nc2ccccc12)c3ccccc3,0
mecloralurea,CNC(=O)N[C@@H](O)C(Cl)(Cl)Cl,0
thiocarzolamide,NC(=S)n1cccn1,0
butanilicaine,CCCCNCC(=O)Nc1c(C)cccc1Cl,0
triclofos,OP(=O)(O)OCC(Cl)(Cl)Cl,0
anethole,COc1ccc(\C=C\C)cc1,0
ellagic acid,Oc1cc2C(=O)Oc3c(O)c(O)cc4C(=O)Oc(c1O)c2c34,0
pyritinol,Cc1ncc(CSSCc2cnc(C)c(O)c2CO)c(CO)c1O,0
etifelmine,CCC(=C(c1ccccc1)c2ccccc2)CN,0
dixanthogen,CCOC(=S)SSC(=S)OCC,0
histidine,N[C@@H](Cc1c[nH]cn1)C(=O)O,0
chlorindanol,Oc1ccc(Cl)c2CCCc12,0
mecrylate,COC(=O)C(=C)C#N,0
aceglatone,CC(=O)O[C@@H]1[C@@H]2OC(=O)[C@@H](OC(=O)C)[C@@H]2OC1=O,0
propamidine,NC(=N)c1ccc(OCCCOc2ccc(cc2)C(=N)N)cc1,0
methamphetamine,CN[C@@H](C)Cc1ccccc1,0
isoetharine,CC[C@H](NC(C)C)[C@H](O)c1ccc(O)c(O)c1,0
clorethate,ClC(Cl)(Cl)COC(=O)OCC(Cl)(Cl)Cl,0
lapachol,CC(=CCC1=C(O)C(=O)c2ccccc2C1=O)C,0
etozolin,CCOC(=O)\C=C\1/S[C@@H](N2CCCCC2)C(=O)N1C,0
diapamide,CNC(=O)c1ccc(Cl)c(c1)S(=O)(=O)NC,0
methoxyphenamine,CN[C@H](C)Cc1ccccc1OC,0
dicloralurea,O[C@H](NC(=O)N[C@H](O)C(Cl)(Cl)Cl)C(Cl)(Cl)Cl,0
alprenolol,CC(C)NC[C@H](O)COc1ccccc1CC=C,0
fluorodopane,CC1=C(N(CCF)CCCl)C(=O)NC(=O)N1,0
mecloxamine,C[C@H](CN(C)C)O[C@](C)(c1ccccc1)c2ccc(Cl)cc2,0
mercufenol chloride,Oc1ccccc1[Hg+],0
etilamfetamine,CCN[C@H](C)Cc1ccccc1,0
menadione,CC1=CC(=O)c2ccccc2C1=O,0
dichlorophenarsine,Nc1cc(ccc1O)[As](Cl)Cl,0
metrifonate,COP(=O)(OC)[C@H](O)C(Cl)(Cl)Cl,0
pholedrine,CN[C@H](C)Cc1ccc(O)cc1,0
sarcolysine,N[C@@H](Cc1cccc(c1)N(CCCl)CCCl)C(=O)O,0
mebezonium iodide,C[N+](C)(C)[C@@H]1CC[C@@H](C[C@@H]2CC[C@H](CC2)[N+](C)(C)C)CC1,0
fenaclon,ClCCC(=O)NCCc1ccccc1,0
flunidazole,OCCn1c(ncc1[N+](=O)[O-])c2ccc(F)cc2,0
trimetazidine,COc1ccc(CN2CCNCC2)c(OC)c1OC,0
metoprine,Cc1nc(N)nc(N)c1c2ccc(Cl)c(Cl)c2,0
talbutal,CC[C@H](C)C1(CC=C)C(=O)NC(=O)NC1=O,0
ethamsylate,Oc1ccc(c(O)c1)S(=O)(=O)O,0
amylmetacresol,CCCCCc1ccc(C)cc1O,0
formetorex,C[C@H](Cc1ccccc1)NC=O,0
bendazol,C(c1ccccc1)c2nc3ccccc3[nH]2,0
quifenadine,OC([C@H]1CN2CCC1CC2)(c3ccccc3)c4ccccc4,0
epinephryl borate,CNC[C@H](O)c1ccc2OB(O)Oc2c1,0
dimecamine,CN(C)[C@]1(C)[C@@H]2CC[C@@H](C2)C1(C)C,0
flucarbril,CN1C(=O)C=Cc2cc(ccc12)C(F)(F)F,0
pyrithione zinc,[O-][n+]1ccccc1[S-],0
etisazole,CCNc1nsc2ccccc12,0
phenoxypropazine,C[C@H](COc1ccccc1)NN,0
levomethadone,CCC(=O)C(C[C@@H](C)N(C)C)(c1ccccc1)c2ccccc2,0
clorexolone,NS(=O)(=O)c1cc2C(=O)N(Cc2cc1Cl)C3CCCCC3,0
ronidazole,Cn1c(COC(=O)N)ncc1[N+](=O)[O-],0
dichlorvos,COP(=O)(OC)OC=C(Cl)Cl,0
dinitolmide,Cc1c(cc(cc1[N+](=O)[O-])[N+](=O)[O-])C(=O)N,0
simtrazene,CN(N=NN(C)c1ccccc1)c2ccccc2,0
trimethamide,COc1cc(cc(OC)c1OC)C(=O)NCc2ccc(C)nc2N,0
mecamylamine,CN[C@@]1(C)[C@H]2CC[C@H](C2)C1(C)C,0
metharbital,CCC1(CC)C(=O)NC(=O)N(C)C1=O,0
ethenzamide,CCOc1ccccc1C(=O)N,0
elderfield's pyrimidine mustard,Cc1nc(nc(N2CC2)c1[N+](=O)[O-])N3CC3,0
ciclactate,C[C@@H](O)C(=O)O[C@H]1C[C@@H](C)CC(C)(C)C1,0
pipobroman,BrCCC(=O)N1CCN(CC1)C(=O)CCBr,0
guanoxyfen,NC(=N)NCCCOc1ccccc1,0
hydracarbazine,N\N=C\1/NN=C(C=C1)C(=O)N,0
prolintane,CCC[C@H](Cc1ccccc1)N2CCCC2,0
promazine,CN(C)CCCN1c2ccccc2Sc3ccccc13,0
flurogestone acetate,CC(=O)O[C@@]1(CC[C@H]2[C@@H]3CCC4=CC(=O)CC[C@]4(C)[C@@]3(F)[C@@H](O)C[C@]12C)C(=O)C,0
phenacemide,NC(=O)NC(=O)Cc1ccccc1,0
lefetamine,CN(C)[C@H](Cc1ccccc1)c2ccccc2,0
amanozine,Nc1ncnc(Nc2ccccc2)n1,0
acetergamine,CN1C[C@@H](CNC(=O)C)C[C@H]2[C@H]1Cc3c[nH]c4cccc2c34,0
benzarone,CCc1oc2ccccc2c1C(=O)c3ccc(O)cc3,0
oxibetaine,C[N+](C)(CCO)CC(=O)[O-],0
sulfapyridine,Nc1ccc(cc1)S(=O)(=O)Nc2ccccn2,0
phenyramidol,O[C@H](CNc1ccccn1)c2ccccc2,0
dimethylstilbestrol,C\C(=C(\C)/c1ccc(O)cc1)\c2ccc(O)cc2,0
xenygloxal,O=CC(=O)c1ccc(cc1)c2ccc(cc2)C(=O)C=O,0
hydroxypyridine tartrate,O[C@H]([C@H](O)C(=O)O)C(=O)Oc1cccnc1,0
normethadone,CCC(=O)C(CCN(C)C)(c1ccccc1)c2ccccc2,0
pimeclone,O=C1CCCC[C@@H]1CN2CCCCC2,0
oxyphenbutazone,CCCC[C@@H]1C(=O)N(N(C1=O)c2ccc(O)cc2)c3ccccc3,0
glutethimide,CC[C@]1(CCC(=O)NC1=O)c2ccccc2,0
methaphenilene,CN(C)CCN(Cc1cccs1)c2ccccc2,0
cintriamide,COc1cc(\C=C\C(=O)N)cc(OC)c1OC,0
dibenamine,ClCCN(Cc1ccccc1)Cc2ccccc2,0
aletamine,N[C@H](CC=C)Cc1ccccc1,0
beclamide,ClCCC(=O)NCc1ccccc1,0
pentylenetetrazole,C1CCc2nnnn2CC1,0
quindoxin,[O-][n+]1cc[n+]([O-])c2ccccc12,0
meladrazine,CCN(CC)C1=NC(=NN)N=C(N1)N(CC)CC,0
thiamiprine,Cn1cnc(c1Sc2nc(N)nc3[nH]cnc23)[N+](=O)[O-],0
nifenalol,CC(C)NC[C@H](O)c1ccc(cc1)[N+](=O)[O-],0
creatinolfosfate,CN(CCOP(=O)(O)O)C(=N)N,0
nsc 4928,CCCNc1ncnc2[nH]ncc12,0
fluprednisolone,C[C@]12C[C@H](O)[C@H]3[C@@H](C[C@H](F)C4=CC(=O)C=C[C@]34C)[C@@H]1CC[C@]2(O)C(=O)CO,0
carbocloral,CCOC(=O)N[C@@H](O)C(Cl)(Cl)Cl,0
proflavine,Nc1ccc2cc3ccc(N)cc3nc2c1,0
anisacril,COc1ccccc1C(=C(c2ccccc2)c3ccccc3)C(=O)O,0
propyphenazone,CC(C)C1=C(C)N(C)N(C1=O)c2ccccc2,0
clomethiazole,Cc1ncsc1CCCl,0
allylthiourea,NC(=S)NCC=C,0
mitindomide,O=C1NC(=O)[C@H]2[C@H]3C=C[C@H]([C@H]4[C@@H]3[C@@H]5[C@H]4C(=O)NC5=O)[C@@H]12,0
tolycaine,CCN(CC)CC(=O)Nc1c(C)cccc1C(=O)OC,0
edrophonium chloride,CC[N+](C)(C)c1cccc(O)c1,0
chlorbetamide,OCCN(Cc1ccc(Cl)cc1Cl)C(=O)C(Cl)Cl,0
fenmetramide,C[C@@H]1NC(=O)CO[C@H]1c2ccccc2,0
fencibutirol,CC[C@H](C(=O)O)[C@@]1(O)CC[C@H](CC1)c2ccccc2,0
dehydroacetic acid,CC(=O)[C@H]1C(=O)OC(=CC1=O)C,0
procymate,CC[C@H](OC(=O)N)C1CCCCC1,0
vinylbital,CCC[C@H](C)C1(C=C)C(=O)NC(=O)NC1=O,0
thozalinone,CN(C)C1=NC(=O)[C@H](O1)c2ccccc2,0
hexapropymate,NC(=O)OC1(CC#C)CCCCC1,0
guanoclor,NC(=N)NNCCOc1c(Cl)cccc1Cl,0
nitromersol,Cc1ccc(c([Hg+])c1[O-])[N+](=O)[O-],0
cycloguanil,CC1(C)N=C(N)N=C(N)N1c2ccc(Cl)cc2,0
capuride,CC[C@H](C)[C@@H](CC)C(=O)NC(=O)N,0
sulfaguanidine,NC(=N)NS(=O)(=O)c1ccc(N)cc1,0
cloponone,ClC[C@@H](NC(=O)C(Cl)Cl)C(=O)c1ccc(Cl)cc1,0
ormetoprim,COc1cc(C)c(Cc2cnc(N)nc2N)cc1OC,0
dimecrotic acid,COc1ccc(\C(=C/C(=O)O)\C)c(OC)c1,0
mercurobutol,CC(C)(C)c1ccc(O)c([Hg+])c1,0
buramate,OCCOC(=O)NCc1ccccc1,0
sulthiame,NS(=O)(=O)c1ccc(cc1)N2CCCCS2(=O)=O,0
emepronium bromide,CC[N+](C)(C)[C@H](C)CC(c1ccccc1)c2ccccc2,0
carsalam,O=C1NC(=O)c2ccccc2O1,0
trimecaine,CCN(CC)CC(=O)Nc1c(C)cc(C)cc1C,0
spirgetine,NC(=N)NCCN1CCC2(CC1)CC2,0
benzphetamine,C[C@@H](Cc1ccccc1)N(C)Cc2ccccc2,0
felbinac,OC(=O)Cc1ccc(cc1)c2ccccc2,0
fosmenic acid,O[C@@H]([C@H]1CCC=CC1)P(=O)O,0
isoaminile,CC(C)[C@](C[C@H](C)N(C)C)(C#N)c1ccccc1,0
aprobarbital,CC(C)C1(CC=C)C(=O)NC(=O)NC1=O,0
flubanilate,CCOC(=O)N(CCN(C)C)c1cccc(c1)C(F)(F)F,0
dimethindene,C[C@H](C1=C(CCN(C)C)Cc2ccccc12)c3ccccn3,0
homarylamine,CNCCc1ccc2OCOc2c1,0
ethylparaben,CCOC(=O)c1ccc(O)cc1,0
bromazepam,Brc1ccc2NC(=O)CN=C(c3ccccn3)c2c1,0
chlornaphazine,ClCCN(CCCl)c1ccc2ccccc2c1,0
naphthonone,Oc1ccc2ccccc2c1[C@H]3CCCCC3=O,0
allobarbital,C=CCC1(CC=C)C(=O)NC(=O)NC1=O,0
proxibarbal,C[C@H](O)CC1(CC=C)C(=O)NC(=O)NC1=O,0
bucrylate,CC(C)COC(=O)C(=C)C#N,0
phenamazoline,C(Nc1ccccc1)C2=NCCN2,0
pyrrolnitrin,[O-][N+](=O)c1c(Cl)cccc1c2c[nH]cc2Cl,0
riboprine,CC(=CCNc1ncnc2c1ncn2[C@@H]3O[C@H](CO)[C@@H](O)[C@H]3O)C,0
dichlormezanone,CN1[C@H](c2ccc(Cl)c(Cl)c2)S(=O)(=O)CCC1=O,0
guanethidine,NC(=N)NCCN1CCCCCCC1,0
tryptophan,N[C@@H](Cc1c[nH]c2ccccc12)C(=O)O,0
phendimetrazine,C[C@H]1[C@@H](OCCN1C)c2ccccc2,0
mecloqualone,CC1=Nc2ccccc2C(=O)N1c3ccccc3Cl,0
metiprenaline,COc1cc(ccc1O)[C@@H](O)CNC(C)C,0
sulfacarbamide,NC(=O)NS(=O)(=O)c1ccc(N)cc1,0
acetylcholine chloride,CC(=O)OCC[N+](C)(C)C,0
tetrabarbital,CCC[C@H](CC)C1(CC)C(=O)NC(=O)NC1=O,0
glycidyl methacrylate,CC(=C)C(=O)OC[C@@H]1CO1,0
cloprothiazole,Cc1ncsc1CCCCl,0
hydroxyprogesterone,CC(=O)[C@@]1(O)CC[C@H]2[C@@H]3CCC4=CC(=O)CC[C@]4(C)[C@H]3CC[C@]12C,0
endomide,CCN(CC)C(=O)[C@@H]1[C@@H]2C[C@@H](C=C2)[C@H]1C(=O)N(CC)CC,0
meticrane,Cc1cc2CCCS(=O)(=O)c2cc1S(=O)(=O)N,0
metaxalone,Cc1cc(C)cc(OC[C@@H]2CNC(=O)O2)c1,0
zolimidine,CS(=O)(=O)c1ccc(cc1)c2cn3ccccc3n2,0
dioxethedrin,CCN[C@H](C)[C@H](O)c1ccc(O)c(O)c1,0
merophan,N[C@@H](Cc1ccccc1N(CCCl)CCCl)C(=O)O,0
piposulfan,CS(=O)(=O)OCCC(=O)N1CCN(CC1)C(=O)CCOS(=O)(=O)C,0
imidoline,CN(C)CCN1CCN(C1=O)c2cccc(Cl)c2,0
ethybenztropine,CCN1[C@@H]2CC[C@H]1C[C@H](C2)OC(c3ccccc3)c4ccccc4,0
dimefline,COc1ccc2C(=O)C(=C(Oc2c1CN(C)C)c3ccccc3)C,0
eticyclidine,CCNC1(CCCCC1)c2ccccc2,0
chlorhexadol,C[C@H](CC(C)(C)O)O[C@H](O)C(Cl)(Cl)Cl,0
allomethadione,C[C@@H]1OC(=O)N(CC=C)C1=O,0
carbutamide,CCCCNC(=O)NS(=O)(=O)c1ccc(N)cc1,0
mesulfamide,NS(=O)(=O)c1ccc(NCS(=O)(=O)O)cc1,0
triaziquone,O=C1C=C(N2CC2)C(=O)C(=C1N3CC3)N4CC4,0
psilocybine,CN(C)CCc1c[nH]c2cccc(OP(=O)(O)O)c12,0
niridazole,[O-][N+](=O)c1cnc(s1)N2CCNC2=O,0
azabon,Nc1ccc(cc1)S(=O)(=O)N2C[C@@H]3CC[C@@H](CC3)C2,0
chlorproguanil,CC(C)NC(=N)NC(=N)Nc1ccc(Cl)c(Cl)c1,0
damotepine,CN(C)CC1=Cc2ccccc2Sc3ccccc13,0
tetrazepam,CN1C(=O)CN=C(C2=CCCCC2)c3cc(Cl)ccc13,0
ditophal,CCSC(=O)c1cccc(c1)C(=O)SCC,0
guanisoquin,NC(=N)N1CCc2ccc(Br)cc2C1,0
azamethonium bromide,CC[N+](C)(C)CCN(C)CC[N+](C)(C)CC,0
clioquinol,Oc1c(I)cc(Cl)c2cccnc12,0
morinamide,O=C(NCN1CCOCC1)c2cnccn2,0
tiadenol,OCCSCCCCCCCCCCSCCO,0
parapropamol,CCC(=O)Nc1ccc(O)cc1,0
phenicarbazide,NC(=O)NNc1ccccc1,0
aminopromazine,CN(C)C[C@H](CN1c2ccccc2Sc3ccccc13)N(C)C,0
mefenidramium metilsulfate,C[N+](C)(C)CCOC(c1ccccc1)c2ccccc2,0
trapidil,CCN(CC)c1cc(C)nc2ncnn12,0
oxonazine,Nc1nc(N)nc(n1)[N+]([O-])(CC=C)CC=C,0
uredepa,CCOC(=O)NP(=O)(N1CC1)N2CC2,0
tiametonium iodide,CC[N+](C)(C)CCSCC[N+](C)(C)CC,0
clorophene,Oc1ccc(Cl)cc1Cc2ccccc2,0
benzoyl peroxide,O=C(OOC(=O)c1ccccc1)c2ccccc2,0
zylofuramine,CCN[C@H](Cc1ccccc1)[C@H]2CCCO2,0
thiazinamium chloride,C[C@H](CN1c2ccccc2Sc3ccccc13)[N+](C)(C)C,0
clobenztropine,CN1[C@@H]2CC[C@H]1C[C@H](C2)O[C@H](c3ccccc3)c4ccc(Cl)cc4,0
pyridarone,o1c(cc2ccccc12)c3ccncc3,0
isobutamben,CC(C)COC(=O)c1ccc(N)cc1,0
dipyrithione,[O-][n+]1ccccc1SSc2cccc[n+]2[O-],0
pridinol,OC(CCN1CCCCC1)(c2ccccc2)c3ccccc3,0
salfluverine,Oc1ccccc1C(=O)Nc2cccc(c2)C(F)(F)F,0
nikethamide,CCN(CC)C(=O)c1cccnc1,0
pentamethonium bromide,C[N+](C)(C)CCCCC[N+](C)(C)C,0
monobenzone,Oc1ccc(OCc2ccccc2)cc1,0
fluprednidene,C[C@]12C[C@H](O)[C@@]3(F)[C@@H](CCC4=CC(=O)C=C[C@]34C)[C@@H]1CC(=C)[C@]2(O)C(=O)CO,0
chlorthenoxazine,ClCC[C@@H]1NC(=O)c2ccccc2O1,0
pamabrom,CN1C(=O)N(C)c2nc(Br)[nH]c2C1=O,0
clofibrate,CCOC(=O)C(C)(C)Oc1ccc(Cl)cc1,0
dioxybenzone,COc1ccc(C(=O)c2ccccc2O)c(O)c1,0
diloxanide,CN(C(=O)C(Cl)Cl)c1ccc(O)cc1,0
tiapirinol,Cc1ncc(CO)c([C@@H]2N[C@@H](CCS2)C(=O)O)c1O,0
clominorex,NC1=NC[C@H](O1)c2ccc(Cl)cc2,0
paxamate,CNC(=O)Oc1ccc(cc1)c2ccccc2,0
ethylphenacemide,CC[C@H](C(=O)NC(=O)N)c1ccccc1,0
metamfepramone,C[C@H](N(C)C)C(=O)c1ccccc1,0
chromocarb,OC(=O)C1=CC(=O)c2ccccc2O1,0
nealbarbital,CC(C)(C)CC1(CC=C)C(=O)NC(=O)NC1=O,0
acetanilide,CC(=O)Nc1ccccc1,0
panidazole,Cc1ncc([N+](=O)[O-])n1CCc2ccncc2,0
anazocine,CO[C@]1([C@@H]2CCC[C@H]1CN(C)C2)c3ccccc3,0
clofenoxyde,ClCC(=O)c1ccc(Oc2ccc(cc2)C(=O)CCl)cc1,0
butacetin,CC(=O)Nc1ccc(OC(C)(C)C)cc1,0
bamethan,CCCCNC[C@H](O)c1ccc(O)cc1,0
tolpyrramide,Cc1ccc(cc1)S(=O)(=O)NC(=O)N2CCCC2,0
estrazinol,COc1ccc2[C@H]3CC[C@@]4(C)[C@@H](CC[C@@]4(O)C#C)N3CCc2c1,0
methetoin,CC[C@@]1(N(C)C(=O)NC1=O)c2ccccc2,0
mephenytoin,CC[C@@]1(NC(=O)N(C)C1=O)c2ccccc2,0
dacemazine,CN(C)CC(=O)N1c2ccccc2Sc3ccccc13,0
benzoylpas,OC(=O)c1ccc(NC(=O)c2ccccc2)cc1O,0
acetomeroctol,CC(C)(C)CC(C)(C)c1ccc(O)c([Hg+])c1,0
cinchophen,OC(=O)c1cc(nc2ccccc12)c3ccccc3,0
amisometradine,CN1C(=O)C=C(N)N(CC(=C)C)C1=O,0
nefopam,CN1CCO[C@@H](c2ccccc2)c3ccccc3C1,0
thiazolsulfone,Nc1ccc(cc1)S(=O)(=O)c2cnc(N)s2,0
bromamid,CN(C)C(=O)CCNc1ccc(Br)cc1,0
chlorpropamide,CCCNC(=O)NS(=O)(=O)c1ccc(Cl)cc1,0
nitroxoline,Oc1ccc(c2cccnc12)[N+](=O)[O-],0
paroxypropione,CCC(=O)c1ccc(O)cc1,0
proglumide,CCCN(CCC)C(=O)[C@H](CCC(=O)O)NC(=O)c1ccccc1,0
bufexamac,CCCCOc1ccc(CC(=O)NO)cc1,0
fenimide,CC[C@@H]1C(=O)NC(=O)[C@]1(C)c2ccccc2,0
tioxolone,Oc1ccc2SC(=O)Oc2c1,0
zolamine,COc1ccc(CN(CCN(C)C)c2nccs2)cc1,0
tenonitrozole,[O-][N+](=O)c1cnc(NC(=O)c2cccs2)s1,0
methastyridone,CC1(C)NC(=O)[C@@H](O1)\C=C\c2ccccc2,0
hydrargaphen,[O-]S(=O)(=O)c1cc2ccccc2cc1Cc3cc4ccccc4cc3S(=O)(=O)[O-],0
fenocinol,COc1ccc(c(OC)c1)[C@](C)(O)c2ccccc2,0
ethoxzolamide,CCOc1ccc2nc(sc2c1)S(=O)(=O)N,0
propyl gallate,CCCOC(=O)c1cc(O)c(O)c(O)c1,0
ethylmethylthiambutene,CCN(C)[C@@H](C)C=C(c1cccs1)c2cccs2,0
paranyline,NC(=N)c1ccc(C=C2c3ccccc3c4ccccc24)cc1,0
amphecloral,C[C@H](Cc1ccccc1)\N=C\C(Cl)(Cl)Cl,0
penflutizide,CCCCC[C@@H]1Nc2cc(c(cc2S(=O)(=O)N1)S(=O)(=O)N)C(F)(F)F,0
hepzidine,CN1CCC(CC1)OC2c3ccccc3CCc4ccccc24,0
moxisylyte,CC(C)c1cc(OC(=O)C)c(C)cc1OCCN(C)C,0
mimbane,Cn1c2[C@@H]3C[C@@H]4CCCC[C@H]4CN3CCc2c5ccccc15,0
metomidate,COC(=O)c1cn(cn1)[C@H](C)c2ccccc2,0
acetaminosalol,CC(=O)Nc1ccc(OC(=O)c2ccccc2O)cc1,0
fenabutene,C\C=C(/C)\c1ccc(OC(=O)C)cc1,0
mercuderamide,O[C@@H](C[Hg+])CNC(=O)c1ccccc1OCC(=O)O,0
molinazone,O=C1N(N=Nc2ccccc12)N3CCOCC3,0
pyrovalerone,CCC[C@H](N1CCCC1)C(=O)c2ccc(C)cc2,0
xenbucin,CC[C@H](C(=O)O)c1ccc(cc1)c2ccccc2,0
thiacetarsamide,NC(=O)c1ccc(cc1)[As](SCC(=O)O)SCC(=O)O,0
broxyquinoline,Oc1c(Br)cc(Br)c2cccnc12,0
quinterenol,CC(C)NC[C@H](O)c1ccc(O)c2ncccc12,0
bucolome,CCCC[C@@H]1C(=O)NC(=O)N(C2CCCCC2)C1=O,0
menglytate,CCOCC(=O)O[C@@H]1C[C@@H](C)CC[C@H]1C(C)C,0
tilbroquinol,Cc1cc(Br)c(O)c2ncccc12,0
pimetine,CN(C)CCN1CCC(Cc2ccccc2)CC1,0
monometacrine,CNCCCN1c2ccccc2C(C)(C)c3ccccc13,0
carbenicillin,CC1(C)S[C@@H]2[C@H](NC(=O)[C@H](C(=O)O)c3ccccc3)C(=O)N2[C@H]1C(=O)O,0
benzpyrinium bromide,CN(C)C(=O)Oc1ccc[n+](Cc2ccccc2)c1,0
carbubarb,CCCCC1(CCOC(=O)N)C(=O)NC(=O)NC1=O,0
cloridarol,O[C@@H](c1oc2ccccc2c1)c3ccc(Cl)cc3,0
clazolam,CN1C(=O)CN2CCc3ccccc3[C@H]2c4cc(Cl)ccc14,0
oxybenzone,COc1ccc(C(=O)c2ccccc2)c(O)c1,0
vanillin,COc1cc(C=O)ccc1O,0
cropropamide,CCCN([C@@H](CC)C(=O)N(C)C)C(=O)\C=C\C,0
azatepa,CCN(c1nncs1)P(=O)(N2CC2)N3CC3,0
talopram,CNCCC[C@@]1(OC(C)(C)c2ccccc12)c3ccccc3,0
todralazine,CCOC(=O)NNc1nncc2ccccc12,0
sulfisoxazole acetyl,CC(=O)N(c1onc(C)c1C)S(=O)(=O)c2ccc(N)cc2,0
methallibure,CNC(=S)NNC(=S)N[C@@H](C)C=C,0
phenyl aminosalicylate,Nc1ccc(C(=O)Oc2ccccc2)c(O)c1,0
dimepheptanol,CC[C@H](O)C(C[C@H](C)N(C)C)(c1ccccc1)c2ccccc2,0
medrogestone,CC(=O)[C@@]1(C)CC[C@H]2[C@@H]3C=C(C)C4=CC(=O)CC[C@]4(C)[C@H]3CC[C@]12C,0
chloroxine,Oc1c(Cl)cc(Cl)c2cccnc12,0
crotetamide,CC[C@@H](N(CC)C(=O)\C=C\C)C(=O)N(C)C,0
fluminorex,NC1=NC[C@H](O1)c2ccc(cc2)C(F)(F)F,0
diphenan,NC(=O)Oc1ccc(Cc2ccccc2)cc1,0
kalafungin,C[C@@H]1O[C@H]2OC(=O)O[C@H]2C3=C1C(=O)c4c(O)cccc4C3=O,0
cortodoxone,C[C@]12CCC(=O)C=C1CC[C@@H]3[C@@H]2CC[C@@]4(C)[C@H]3CC[C@]4(O)C(=O)CO,0
prazepine,CN(C)CCCN1Cc2ccccc2Cc3ccccc13,0
aminorex,NC1=NC[C@H](O1)c2ccccc2,0
prampine,CCC(=O)OC[C@H](C(=O)O[C@H]1C[C@H]2CC[C@@H](C1)N2C)c3ccccc3,0
chiniofon,Oc1c(I)cc(c2cccnc12)S(=O)(=O)O,0
flupentixol,OCN1CCN(CC\C=C\2/c3ccccc3Sc4ccc(cc24)C(F)(F)F)CC1,0
mebhydrolin,CN1CCc2c(C1)c3ccccc3n2Cc4ccccc4,0
phetharbital,CCC1(CC)C(=O)NC(=O)N(C1=O)c2ccccc2,0
ambucetamide,CCCCN(CCCC)[C@H](C(=O)N)c1ccc(OC)cc1,0
cefalonium,NC(=O)c1cc[n+](CC2=C(N3[C@H](SC2)[C@H](NC(=O)Cc4cccs4)C3=O)C(=O)[O-])cc1,0
pentalamide,CCCCCOc1ccccc1C(=O)N,0
delfantrine,CN(C)S(=O)(=O)c1ccc(N)c(c1)C(=O)N2CCN(C)CC2,0
butonate,CCCC(=O)O[C@H](C(Cl)(Cl)Cl)P(=O)(OC)OC,0
dioxation,CCOP(=S)(OCC)S[C@H]1OCCO[C@H]1SP(=S)(OCC)OCC,0
meturedepa,CCOC(=O)NP(=O)(N1CC1(C)C)N2CC2(C)C,0
midamaline,CN(C)CCN(Cc1nc2cc(Cl)ccc2[nH]1)c3ccccc3,0
brallobarbital,BrC(=C)CC1(CC=C)C(=O)NC(=O)NC1=O,0
metyrapone,CC(C)(C(=O)c1cccnc1)c2cccnc2,0
nortetrazepam,Clc1ccc2NC(=O)CN=C(C3=CCCCC3)c2c1,0
ketocainol,CCC[C@H](O)c1ccccc1OCCN(C(C)C)C(C)C,0
atromepine,CN1[C@@H]2CC[C@H]1C[C@H](C2)OC(=O)[C@](C)(CO)c3ccccc3,0
coumetarol,COCC(C1=C(O)c2ccccc2OC1=O)C3=C(O)c4ccccc4OC3=O,0
diphoxazide,CC(=O)NNC(=O)CC(O)(c1ccccc1)c2ccccc2,0
bornelone,CC(=O)\C=C\C=C/1\[C@H]2CC[C@H](C2)C1(C)C,0
prazitone,O=C1NC(=O)C(C[C@H]2CCCCN2)(C(=O)N1)c3ccccc3,0
etocrylene,CCOC(=O)C(=C(c1ccccc1)c2ccccc2)C#N,0
clemizole,Clc1ccc(Cn2c(CN3CCCC3)nc4ccccc24)cc1,0
dibuprol,CCCCOCC(O)COCCCC,0
dimeprozan,COc1ccc2Oc3ccccc3\C(=C\CCN(C)C)\c2c1,0
fospirate,COP(=O)(OC)Oc1nc(Cl)c(Cl)cc1Cl,0
chlorodihydroxyandrostenone,C[C@]1(O)CC[C@H]2[C@@H]3CCC4=CC(=O)CC[C@]4(C)[C@@]3(Cl)[C@@H](O)C[C@]12C,0
menadiol diphosphate,Cc1cc(OP(=O)(O)O)c2ccccc2c1OP(=O)(O)O,0
albutoin,CC(C)C[C@H]1NC(=S)N(CC=C)C1=O,0
clamidoxic acid,OC(=O)COc1ccccc1NC(=O)c2ccc(Cl)c(Cl)c2,0
homofenazine,OCCN1CCCN(CCCN2c3ccccc3Sc4ccc(cc24)C(F)(F)F)CC1,0
crufomate,CN[P@@](=O)(OC)Oc1ccc(cc1Cl)C(C)(C)C,0
clobenzorex,C[C@@H](Cc1ccccc1)NCc2ccccc2Cl,0
benzoin,O[C@H](C(=O)c1ccccc1)c2ccccc2,0
ranimycin,CCCCC(=O)O[C@@H]1[C@@H](O)[C@H](O)[C@@H](O)C=C1C=O,0
menbutone,COc1ccc(C(=O)CCC(=O)O)c2ccccc12,0
lydimycin,OC(=O)\C=C/CC[C@@H]1SC[C@@H]2NC(=O)N[C@H]12,0
methopholine,COc1cc2CCN(C)[C@H](CCc3ccc(Cl)cc3)c2cc1OC,0
thioguanine alpha-deoxyriboside,NC1=NC(=S)c2ncn([C@@H]3C[C@H](O)[C@@H](CO)O3)c2N1,0
thioguanine beta-deoxyriboside,NC1=NC(=S)c2ncn([C@H]3C[C@H](O)[C@@H](CO)O3)c2N1,0
7-methyltestosterone,C[C@@H]1CC2=CC(=O)CC[C@]2(C)[C@H]3CC[C@]4(C)[C@@H](O)CC[C@H]4[C@H]13,0
clobenzepam,CN(C)CCN1C(=O)c2ccccc2Nc3cc(Cl)ccc13,0
trimetozine,COc1cc(cc(OC)c1OC)C(=O)N2CCOCC2,0
bromopride,CCN(CC)CCNC(=O)c1cc(Br)c(N)cc1OC,0
mofebutazone,CCCC[C@@H]1C(=O)NN(C1=O)c2ccccc2,0
tolboxane,CCCC1(C)COB(OC1)c2ccc(C)cc2,0
ethamivan,CCN(CC)C(=O)c1ccc(O)c(OC)c1,0
phenindamine,CN1CCC2=C(C1)[C@@H](c3ccccc3)c4ccccc24,0
nylidrin,C[C@H](CCc1ccccc1)N[C@H](C)[C@H](O)c2ccc(O)cc2,0
nalorphine,O[C@H]1C=C[C@H]2[C@H]3Cc4ccc(O)c5O[C@@H]1[C@]2(CCN3CC=C)c45,0
diphenylpyraline,CN1CCC(CC1)OC(c2ccccc2)c3ccccc3,0
tibenzate,O=C(SCc1ccccc1)c2ccccc2,0
thiamylal,CCC[C@H](C)C1(CC=C)C(=O)NC(=S)NC1=O,0
mefeclorazine,COc1ccc(CCN2CCN(CC2)c3ccccc3Cl)cc1OC,0
phenolsulfonphthalein,Oc1ccc(cc1)C2(OS(=O)(=O)c3ccccc23)c4ccc(O)cc4,0
azidamfenicol,OC[C@H](NC(=O)CN=[N+]=[N-])[C@H](O)c1ccc(cc1)[N+](=O)[O-],0
sulocarbilate,NS(=O)(=O)c1ccc(NC(=O)OCCO)cc1,0
depramine,CN(C)CCCN1c2ccccc2C=Cc3ccccc13,0
arsanilic acid,Nc1ccc(cc1)[As](=O)(O)O,0
osalmid,Oc1ccc(NC(=O)c2ccccc2O)cc1,0
sulfadicramide,CC(=CC(=O)NS(=O)(=O)c1ccc(N)cc1)C,0
triprolidine,Cc1ccc(cc1)\C(=C/CN2CCCC2)\c3ccccn3,0
methitural,CCC[C@H](C)C1(CCSC)C(=O)NC(=S)NC1=O,0
tiletamine,CCN[C@]1(CCCCC1=O)c2cccs2,0
iproniazid,CC(C)NNC(=O)c1ccncc1,0
norbolethone,CC[C@]1(O)CC[C@H]2[C@@H]3CCC4=CC(=O)CC[C@@H]4[C@H]3CC[C@]12CC,0
cyprolidol,OC([C@H]1C[C@@H]1c2ccncc2)(c3ccccc3)c4ccccc4,0
nicopholine,O=C(N1CCOCC1)c2cccnc2,0
cianidol,O[C@H]1Cc2c(O)cc(O)cc2O[C@@H]1c3ccc(O)c(O)c3,0
dimethisterone,CC#C[C@]1(O)CC[C@H]2[C@@H]3C[C@H](C)C4=CC(=O)CC[C@]4(C)[C@H]3CC[C@]12C,0
tolquinzole,CC[C@]1(O)CCN2CCc3ccc(C)cc3[C@H]2C1,0
clomacran,CN(C)CCC[C@H]1c2ccccc2Nc3ccc(Cl)cc13,0
benzylsulfamide,NS(=O)(=O)c1ccc(NCc2ccccc2)cc1,0
zolertine,C(Cc1nnn[nH]1)N2CCN(CC2)c3ccccc3,0
bromhexine,CN(Cc1cc(Br)cc(Br)c1N)C2CCCCC2,0
ethonam,CCOC(=O)c1cncn1[C@@H]2CCCc3ccccc23,0
pyroxamine,CN1CC[C@@H](C1)O[C@H](c2ccccc2)c3ccc(Cl)cc3,0
clormecaine,CN(C)CCOC(=O)c1ccc(Cl)c(N)c1,0
triclodazol,O[C@@H](N1CNC(C1=O)(c2ccccc2)c3ccccc3)C(Cl)(Cl)Cl,0
pridefine,CCN1CCC(=C(c2ccccc2)c3ccccc3)C1,0
vetrabutine,COc1ccc(cc1OC)[C@H](CCCc2ccccc2)N(C)C,0
thiohexamide,CSc1ccc(cc1)S(=O)(=O)NC(=O)NC2CCCCC2,0
iproclozide,CC(C)NNC(=O)COc1ccc(Cl)cc1,0
etosalamide,CCOCCOc1ccccc1C(=O)N,0
proquinolate,COC(=O)c1cnc2cc(OC(C)C)c(OC(C)C)cc2c1O,0
valofane,C[C@@H]1C[C@@](CC=C)(C(=O)NC(=O)N)C(=O)O1,0
etoglucid,C(COCCOC[C@@H]1CO1)OCCOC[C@@H]2CO2,0
tolpentamide,Cc1ccc(cc1)S(=O)(=O)NC(=O)NC2CCCC2,0
sulfalene,COc1nccnc1NS(=O)(=O)c2ccc(N)cc2,0
oxitriptan,N[C@@H](Cc1c[nH]c2ccc(O)cc12)C(=O)O,0
malathion,CCOC(=O)C[C@H](SP(=S)(OC)OC)C(=O)OCC,0
tolpronine,Cc1ccccc1OC[C@H](O)CN2CCC=CC2,0
butidrine,CC[C@H](C)NC[C@H](O)c1ccc2CCCCc2c1,0
actinoquinol,CCOc1ccc(c2cccnc12)S(=O)(=O)O,0
fenozolone,CCNC1=NC(=O)[C@@H](O1)c2ccccc2,0
properidine,CC(C)OC(=O)C1(CCN(C)CC1)c2ccccc2,0
imolamine,CCN(CC)CCN1C(=N)ON=C1c2ccccc2,0
bromacrylide,BrCCC(=O)NCNC(=O)C=C,0
norlevorphanol,Oc1ccc2C[C@@H]3NCC[C@]4(CCCC[C@H]34)c2c1,0
nimorazole,[O-][N+](=O)c1cncn1CCN2CCOCC2,0
nicarbazin,[O-][N+](=O)c1ccc(NC(=O)Nc2ccc(cc2)[N+](=O)[O-])cc1,0
clodazon,CN(C)CCCN1C(=O)N(c2ccccc2)c3cc(Cl)ccc13,0
nitarsone,O[As](=O)(O)c1ccc(cc1)[N+](=O)[O-],0
iminophenimide,CC[C@]1(NCC(=O)NC1=O)c2ccccc2,0
indriline,CN(C)CC[C@@]1(C=Cc2ccccc12)c3ccccc3,0
azintamide,CCN(CC)C(=O)CSc1ccc(Cl)nn1,0
ketobemidone,CCC(=O)C1(CCN(C)CC1)c2cccc(O)c2,0
chloracyzine,CCN(CC)CCC(=O)N1c2ccccc2Sc3ccc(Cl)cc13,0
hexacyprone,OC(=O)CC[C@@]1(Cc2ccccc2)CCCCC1=O,0
trocimine,COc1cc(cc(OC)c1OC)C(=O)N2CCCCCCC2,0
methaniazide,OS(=O)(=O)CNNC(=O)c1ccncc1,0
butinoline,OC(C#CCN1CCCC1)(c2ccccc2)c3ccccc3,0
sulfachrysoidine,Nc1cc(N)c(N=Nc2ccc(cc2)S(=O)(=O)N)c(c1)C(=O)O,0
profadol,CCC[C@]1(CCN(C)C1)c2cccc(O)c2,0
ronnel,COP(=S)(OC)Oc1cc(Cl)c(Cl)cc1Cl,0
clodacaine,CCN(CC)CCN(CC)CC(=O)Nc1ccccc1Cl,0
phenacetin,CCOc1ccc(NC(=O)C)cc1,0
sulfamerazine,Cc1ccnc(NS(=O)(=O)c2ccc(N)cc2)n1,0
diacerein,CC(=O)Oc1cccc2C(=O)c3cc(cc(OC(=O)C)c3C(=O)c12)C(=O)O,0
oxifentorex,C[C@H](Cc1ccccc1)[N@@+](C)([O-])Cc2ccccc2,0
drotebanol,COc1ccc2C[C@H]3N(C)CC[C@@]4(C[C@H](O)CC[C@@]34O)c2c1OC,0
oxethazaine,CN(C(=O)CN(CCO)CC(=O)N(C)C(C)(C)Cc1ccccc1)C(C)(C)Cc2ccccc2,0
sulfasomizole,Cc1cc(NS(=O)(=O)c2ccc(N)cc2)sn1,0
roxarsone,Oc1ccc(cc1[N+](=O)[O-])[As](=O)(O)O,0
clorotepine,CN1CCN(CC1)[C@@H]2Cc3ccccc3Sc4ccc(Cl)cc24,0
morsuximide,C[C@@]1(CC(=O)N(CN2CCOCC2)C1=O)c3ccccc3,0
meralluride,CO[C@@H](C[Hg+])CNC(=O)NC(=O)CCC(=O)O,0
methyldihydromorphine,CN1CC[C@@]23[C@H]4CC[C@](C)(O)[C@@H]2Oc5c(O)ccc(C[C@@H]14)c35,0
teclothiazide,NS(=O)(=O)c1cc2c(N[C@H](NS2(=O)=O)C(Cl)(Cl)Cl)cc1Cl,0
triclocarban,Clc1ccc(NC(=O)Nc2ccc(Cl)c(Cl)c2)cc1,0
norcodeine,COc1ccc2C[C@H]3NCC[C@@]45[C@@H](Oc1c24)[C@@H](O)C=C[C@@H]35,0
pentaquine,COc1cc(NCCCCCNC(C)C)c2ncccc2c1,0
piridocaine,Nc1ccccc1C(=O)OCC[C@H]2CCCCN2,0
dimetacrine,CN(C)CCCN1c2ccccc2C(C)(C)c3ccccc13,0
pipamazine,NC(=O)C1CCN(CCCN2c3ccccc3Sc4ccc(Cl)cc24)CC1,0
roletamide,COc1cc(cc(OC)c1OC)C(=O)\C=C\N2CC=CC2,0
cinnofuradione,O=C1C(C[C@H]2CCCO2)C(=O)N3N1c4ccccc4c5ccccc35,0
desomorphine,CN1CC[C@]23[C@@H]4CCC[C@H]2[C@H]1Cc5ccc(O)c(O4)c35,0
paraflutizide,NS(=O)(=O)c1cc2c(N[C@@H](Cc3ccc(F)cc3)NS2(=O)=O)cc1Cl,0
octaverine,CCOc1cc(cc(OCC)c1OCC)c2nccc3cc(OC)c(OC)cc23,0
metiazinic acid,CN1c2ccccc2Sc3ccc(CC(=O)O)cc13,0
hexedine,CCCC[C@@H](CC)CN1CN2CN(C[C@@H](CC)CCCC)C[C@]2(C)C1,0
trethinium tosilate,CC[N@@+]1(C)CCc2ccccc2C1,0
norletimol,Oc1ccccc1\C=N\Cc2ccccc2,0
enbucrilate,CCCCOC(=O)C(=C)C#N,0
phenolphthalein,Oc1ccc(cc1)C2(OC(=O)c3ccccc23)c4ccc(O)cc4,0
pararosaniline,Nc1ccc(cc1)C(=C2C=CC(=N)C=C2)c3ccc(N)cc3,0
clodanolene,Clc1ccc(cc1Cl)c2oc(\C=N\N3CC(=O)NC3=O)cc2,0
metethoheptazine,CCOC(=O)[C@]1(CCCN(C)C[C@H]1C)c2ccccc2,0
atropine oxide,C[N@+]1([O-])[C@@H]2CC[C@H]1C[C@H](C2)OC(=O)[C@H](CO)c3ccccc3,0
fenpipramide,NC(=O)C(CCN1CCCCC1)(c2ccccc2)c3ccccc3,0
cyclazodone,O=C1N=C(NC2CC2)O[C@H]1c3ccccc3,0
thiotetrabarbital,CCC[C@H](CC)C1(CC)C(=O)NC(=S)NC1=O,0
echothiophate iodide,CCOP(=O)(OCC)SCC[N+](C)(C)C,0
glycyclamide,Cc1ccc(cc1)S(=O)(=O)NC(=O)NC2CCCCC2,0
methalthiazide,CN1[C@H](CSCC=C)Nc2cc(Cl)c(cc2S1(=O)=O)S(=O)(=O)N,0
defosfamide,OCCCN[P@@](=O)(OCCCl)N(CCCl)CCCl,0
rolodine,Cc1nc(NCc2ccccc2)c3cc[nH]c3n1,0
denatonium benzoate,CC[N+](CC)(CC(=O)Nc1c(C)cccc1C)Cc2ccccc2,0
fenspiride,O=C1NCC2(CCN(CCc3ccccc3)CC2)O1,0
medibazine,C(N1CCN(CC1)C(c2ccccc2)c3ccccc3)c4ccc5OCOc5c4,0
mefruside,CN(C[C@@]1(C)CCCO1)S(=O)(=O)c2ccc(Cl)c(c2)S(=O)(=O)N,0
pyrinoline,OC(C1=CC(=C(c2ccccn2)c3ccccn3)C=C1)(c4ccccn4)c5ccccn5,0
sulfamoxole,Cc1oc(NS(=O)(=O)c2ccc(N)cc2)nc1C,0
tibolone,C[C@@H]1CC2=C(CCC(=O)C2)[C@H]3CC[C@@]4(C)[C@@H](CC[C@@]4(O)C#C)[C@H]13,0
thenalidine,CN1CCC(CC1)N(Cc2cccs2)c3ccccc3,0
methylene blue,CN(C)c1ccc2nc3ccc(cc3[s+]c2c1)N(C)C,0
toloxychlorinol,Cc1ccccc1OC[C@H](CO[C@H](O)C(Cl)(Cl)Cl)O[C@H](O)C(Cl)(Cl)Cl,0
isopropamide iodide,CC(C)[N+](C)(CCC(C(=O)N)(c1ccccc1)c2ccccc2)C(C)C,0
dibenzepin,CN(C)CCN1C(=O)c2ccccc2N(C)c3ccccc13,0
phencarbamide,CCN(CC)CCSC(=O)N(c1ccccc1)c2ccccc2,0
eucatropine,C[C@@H]1C[C@@H](CC(C)(C)N1C)OC(=O)[C@H](O)c2ccccc2,0
sulfabenzamide,Nc1ccc(cc1)S(=O)(=O)NC(=O)c2ccccc2,0
risocaine,CCCOC(=O)c1ccc(N)cc1,0
piperidolate,CCN1CCC[C@@H](C1)OC(=O)C(c2ccccc2)c3ccccc3,0
dimetholizine,COCCCN1CCN(CC1)c2ccccc2OC,0
nicoclonate,CC(C)[C@H](OC(=O)c1cccnc1)c2ccc(Cl)cc2,0
salicylanilide,Oc1ccccc1C(=O)Nc2ccccc2,0
pibecarb,CC(C)(C)C(=O)OCC(=O)c1ccccc1,0
protizinic acid,COc1ccc2N(C)c3cc(ccc3Sc2c1)[C@@H](C)C(=O)O,0
bamipine,CN1CCC(CC1)N(Cc2ccccc2)c3ccccc3,0
phthalylsulfacetamide,CC(=O)NS(=O)(=O)c1ccc(NC(=O)c2ccccc2C(=O)O)cc1,0
arsthinol,CC(=O)Nc1cc(ccc1O)[As]2SC[C@H](CO)S2,0
phenadoxone,CCC(=O)C(C[C@H](C)N1CCOCC1)(c2ccccc2)c3ccccc3,0
phenampromide,CCC(=O)N([C@H](C)CN1CCCCC1)c2ccccc2,0
sulfasymazine,CCc1nc(CC)nc(NS(=O)(=O)c2ccc(N)cc2)n1,0
algestone acetonide,CC(=O)[C@@]12OC(C)(C)O[C@@H]1C[C@H]3[C@@H]4CCC5=CC(=O)CC[C@]5(C)[C@H]4CC[C@]23C,0
metazide,O=C(NNCNNC(=O)c1ccncc1)c2ccncc2,0
octacaine,CCN(CC)[C@H](C)CC(=O)Nc1ccccc1,0
thiazesim,CN(C)CCN1C(=O)C[C@@H](Sc2ccccc12)c3ccccc3,0
phenoxybenzamine,C[C@H](COc1ccccc1)N(CCCl)Cc2ccccc2,0
difeterol,C[C@H]([C@H](O)c1ccccc1)N(C)CCOC(c2ccccc2)c3ccccc3,0
simetride,CCCc1ccc(OCC(=O)N2CCN(CC2)C(=O)COc3ccc(CCC)cc3OC)c(OC)c1,0
noracymethadol,CC[C@H](OC(=O)C)C(C[C@H](C)NC)(c1ccccc1)c2ccccc2,0
sulfatrozole,CCOc1nsnc1NS(=O)(=O)c2ccc(N)cc2,0
bephenium oh-naphthoate,C[N+](C)(CCOc1ccccc1)Cc2ccccc2,0
decamethonium bromide,C[N+](C)(C)CCCCCCCCCC[N+](C)(C)C,0
tryptophane mustard,N[C@@H](Cc1c[nH]c2ccc(cc12)N(CCCl)CCCl)C(=O)O,0
hymecromone,CC1=CC(=O)Oc2cc(O)ccc12,0
ketocaine,CCCC(=O)c1ccccc1OCCN(C(C)C)C(C)C,0
metheptazine,COC(=O)[C@]1(CCCN(C)[C@@H](C)C1)c2ccccc2,0
methisazone,CN1C(=O)\C(=N/NC(=S)N)\c2ccccc12,0
fluindione,Fc1ccc(cc1)C2C(=O)c3ccccc3C2=O,0
diaminomethylphenazinium cl,C[n+]1c2ccccc2nc3c(N)cc(N)cc13,0
clofenvinfos,CCOP(=O)(OCC)O\C(=C/Cl)\c1ccc(Cl)cc1Cl,0
ethiazide,CC[C@@H]1Nc2cc(Cl)c(cc2S(=O)(=O)N1)S(=O)(=O)N,0
anilamate,CNC(=O)Oc1ccccc1C(=O)Nc2ccccc2,0
nifurmerone,[O-][N+](=O)c1oc(cc1)C(=O)CCl,0
amantocillin,CC1(C)S[C@@H]2[C@H](NC(=O)[C@@]34C[C@@H]5C[C@@H](C[C@@](N)(C5)C3)C4)C(=O)N2[C@H]1C(=O)O,0
clociguanil,CC1(C)N=C(N)N=C(N)N1OCc2ccc(Cl)c(Cl)c2,0
ethyl biscoumacetate,CCOC(=O)C(C1=C(O)c2ccccc2OC1=O)C3=C(O)c4ccccc4OC3=O,0
sulfabenz,Nc1ccc(cc1)S(=O)(=O)Nc2ccccc2,0
methicillin,COc1cccc(OC)c1C(=O)N[C@H]2[C@H]3SC(C)(C)[C@@H](N3C2=O)C(=O)O,0
phenglutarimide,CCN(CC)CC[C@@]1(CCC(=O)NC1=O)c2ccccc2,0
rolicyclidine,C1CCC(CC1)(N2CCCC2)c3ccccc3,0
botiacrine,CN(C)CCSC(=O)N1c2ccccc2C(C)(C)c3ccccc13,0
xylocoumarol,Cc1cc(C)cc(c1)C2=C(O)c3ccccc3OC2=O,0
viquidil,COc1ccc2nccc(C(=O)CC[C@@H]3CCNC[C@H]3C=C)c2c1,0
glyprothiazol,CC(C)c1nnc(NS(=O)(=O)c2ccc(N)cc2)s1,0
anguidine,CC(=O)OC[C@]12CCC(=C[C@H]1O[C@@H]3[C@H](O)[C@@H](OC(=O)C)[C@@]2(C)[C@@]34CO4)C,0
acedapsone,CC(=O)Nc1ccc(cc1)S(=O)(=O)c2ccc(NC(=O)C)cc2,0
ethacridine,CCOc1ccc2nc3cc(N)ccc3c(N)c2c1,0
aminoquinuride,Cc1cc(N)c2cc(NC(=O)Nc3ccc4nc(C)cc(N)c4c3)ccc2n1,0
oxyphenisatin acetate,CC(=O)Oc1ccc(cc1)C2(C(=O)Nc3ccccc23)c4ccc(OC(=O)C)cc4,0
acenocoumarol,CC(=O)C[C@H](C1=C(O)c2ccccc2OC1=O)c3ccc(cc3)[N+](=O)[O-],0
buthiazide,CC(C)C[C@@H]1Nc2cc(Cl)c(cc2S(=O)(=O)N1)S(=O)(=O)N,0
acetohexamide,CC(=O)c1ccc(cc1)S(=O)(=O)NC(=O)NC2CCCCC2,0
mitotenamine,CCN(CCCl)Cc1csc2ccc(Br)cc12,0
leucinocaine,CCN(CC)[C@H](COC(=O)c1ccc(N)cc1)CC(C)C,0
cyclobarbital,CCC1(C(=O)NC(=O)NC1=O)C2=CCCCC2,0
phencyclidine,C1CCN(CC1)C2(CCCCC2)c3ccccc3,0
benanserin,COc1ccc2c(c1)c(CCN)c(C)n2Cc3ccccc3,0
neocinchophen,CCOC(=O)c1cc(nc2ccc(C)cc12)c3ccccc3,0
propetamide,CCCNC(=O)[C@H](C)Nc1ccc(OCC)cc1,0
sulfaclomide,Cc1nc(C)c(Cl)c(NS(=O)(=O)c2ccc(N)cc2)n1,0
hexobarbital,CN1C(=O)NC(=O)[C@](C)(C2=CCCCC2)C1=O,0
carbenzide,CCOC(=O)NN[C@H](C)c1ccccc1,0
xylamidine,COc1cccc(O[C@H](C)CNC(=N)Cc2cccc(C)c2)c1,0
vanyldisulfamide,COc1cc(ccc1O)C(Nc2ccc(cc2)S(=O)(=O)N)Nc3ccc(cc3)S(=O)(=O)N,0
acetarsone,CC(=O)Nc1cc(ccc1O)[As](=O)(O)O,0
anisopirol,COc1ccccc1N2CCN(CCC[C@H](O)c3ccc(F)cc3)CC2,0
oxolamine,CCN(CC)CCc1onc(n1)c2ccccc2,0
cinnamedrine,C[C@H]([C@H](O)c1ccccc1)N(C)C\C=C\c2ccccc2,0
glybuthiazol,CC(C)(C)c1nnc(NS(=O)(=O)c2ccc(N)cc2)s1,0
prodilidine,CCC(=O)O[C@]1(CCN(C)[C@H]1C)c2ccccc2,0
sulfaperin,Cc1cnc(NS(=O)(=O)c2ccc(N)cc2)nc1,0
ropizine,Cc1cccc(\C=N\N2CCN(CC2)C(c3ccccc3)c4ccccc4)n1,0
prifinium bromide,CC[N+]1(CC)CCC(=C(c2ccccc2)c3ccccc3)[C@H]1C,0
acetosulfone,CC(=O)NS(=O)(=O)c1cc(N)ccc1S(=O)(=O)c2ccc(N)cc2,0
troxonium tosilate,CC[N+](CC)(CC)CCOC(=O)c1cc(OC)c(OC)c(OC)c1,0
benzydamine,CN(C)CCCOc1nn(Cc2ccccc2)c3ccccc13,0
nitracrine,CN(C)CCCNc1c2ccccc2nc3cccc(c13)[N+](=O)[O-],0
dioxaphetyl butyrate,CCOC(=O)C(CCN1CCOCC1)(c2ccccc2)c3ccccc3,0
propizepine,C[C@H](CN1C(=O)c2cccnc2Nc3ccccc13)N(C)C,0
oxydipentonium chloride,C[N+](C)(C)CCCCCOCCCCC[N+](C)(C)C,0
protokylol,C[C@H](Cc1ccc2OCOc2c1)NC[C@H](O)c3ccc(O)c(O)c3,0
benzobarbital,CC[C@]1(C(=O)NC(=O)N(C(=O)c2ccccc2)C1=O)c3ccccc3,0
mebutizide,CC[C@H](C)[C@H](C)[C@@H]1Nc2cc(Cl)c(cc2S(=O)(=O)N1)S(=O)(=O)N,0
dimoxyline,CCOc1ccc(Cc2nc(C)cc3cc(OC)c(OC)cc23)cc1OC,0
camylofin,CCN(CC)CCN[C@H](C(=O)OCCC(C)C)c1ccccc1,0
chlorisondamine chloride,C[N+](C)(C)CC[N+]1(C)Cc2c(Cl)c(Cl)c(Cl)c(Cl)c2C1,0
naftalofos,CCOP(=O)(OCC)ON1C(=O)c2cccc3cccc(C1=O)c23,0
diampromide,CCC(=O)N(C[C@H](C)N(C)CCc1ccccc1)c2ccccc2,0
cyclacillin,CC1(C)S[C@@H]2[C@H](NC(=O)C3(N)CCCCC3)C(=O)N2[C@H]1C(=O)O,0
desmethylmoramide,O=C(N1CCCC1)C(CCN2CCOCC2)(c3ccccc3)c4ccccc4,0
carbarsone,NC(=O)Nc1ccc(cc1)[As](=O)(O)O,0
quindonium bromide,Oc1ccc2C3=[N+](CCc2c1)[C@@H]4CCC[C@@H]4CC3,0
padimate a,CCCCCOC(=O)c1ccc(cc1)N(C)C,0
chlorphenoctium amsonate,Nc1ccc(\C=C\c2ccc(N)cc2S(=O)(=O)[O-])c(c1)S(=O)(=O)O,0
a-norprogesterone,CC(=O)[C@H]1CC[C@H]2[C@@H]3CCC4=CC(=O)C[C@]4(C)[C@H]3CC[C@]12C,0
piribedil,C(N1CCN(CC1)c2ncccn2)c3ccc4OCOc4c3,0
nitrodan,CN1C(=S)S[C@@H](N=Nc2ccc(cc2)[N+](=O)[O-])C1=O,0
fluperolone acetate,C[C@H](OC(=O)C)C(=O)[C@@]1(O)CC[C@H]2[C@@H]3CCC4=CC(=O)C=C[C@]4(C)[C@@]3(F)[C@@H](O)C[C@]12C,0
pirenoxine,OC(=O)c1cc(O)c2C3=Nc4ccccc4OC3=CC(=O)c2n1,0
clorindione,Clc1ccc(cc1)C2C(=O)c3ccccc3C2=O,0
imiclopazine,CN1CCN(CCN2CCN(CCCN3c4ccccc4Sc5ccc(Cl)cc35)CC2)C1=O,0
tropicamide,CCN(Cc1ccncc1)C(=O)[C@H](CO)c2ccccc2,0
ethoxazene,CCOc1ccc(cc1)N=Nc2ccc(N)cc2N,0
nsc 19622,C[C@@H]1C[C@H]2[C@@H]3CC[C@](O)(C(=O)CF)[C@@]3(C)C[C@H](O)[C@@H]2[C@@]4(C)CCC(=O)C=C14,0
hydroxyprocaine,CCN(CC)CCOC(=O)c1ccc(N)cc1O,0
bemetizide,C[C@H]([C@@H]1Nc2cc(Cl)c(cc2S(=O)(=O)N1)S(=O)(=O)N)c3ccccc3,0
bucetin,CCOc1ccc(NC(=O)C[C@H](C)O)cc1,0
amphotalide,Nc1ccc(OCCCCCN2C(=O)c3ccccc3C2=O)cc1,0
pramoxine,CCCCOc1ccc(OCCCN2CCOCC2)cc1,0
benzquinamide,CCN(CC)C(=O)[C@H]1CN2CCc3cc(OC)c(OC)cc3[C@@H]2C[C@@H]1OC(=O)C,0
fluindarol,FC(F)(F)c1ccc(cc1)C2C(=O)c3ccccc3C2=O,0
cyprenorphine,CO[C@]12C=C[C@@]3(C[C@@H]1C(C)(C)O)[C@H]4Cc5ccc(O)c6O[C@@H]2[C@]3(CCN4CC7CC7)c56,0
isoflupredone acetate,CC(=O)OCC(=O)[C@@]1(O)CC[C@H]2[C@@H]3CCC4=CC(=O)C=C[C@]4(C)[C@@]3(F)[C@@H](O)C[C@]12C,0
hydroxypethidine,CCOC(=O)C1(CCN(C)CC1)c2cccc(O)c2,0
diphemanil methylsulfate,C[N+]1(C)CCC(=C(c2ccccc2)c3ccccc3)CC1,0
bepiastine,CN(C)CCN1C(=O)c2cccnc2Sc3ccccc13,0
cyclovalone,COc1cc(\C=C\2/CCC\C(=C/c3ccc(O)c(OC)c3)\C2=O)ccc1O,0
fluorescein,Oc1ccc2c(Oc3cc(O)ccc3C24OC(=O)c5ccccc45)c1,0
fenharmane,C([C@@H]1NCCC2=NC3=CC=CCC3=C12)c4ccccc4,0
benzthiazide,NS(=O)(=O)c1cc2c(cc1Cl)N=C(CSCc3ccccc3)NS2(=O)=O,0
piperylone,CCC1=C(NN(C2CCN(C)CC2)C1=O)c3ccccc3,0
metampicillin,CC1(C)S[C@@H]2[C@H](NC(=O)[C@H](N=C)c3ccccc3)C(=O)N2[C@H]1C(=O)O,0
levallorphan,Oc1ccc2C[C@@H]3[C@@H]4CCCC[C@]4(CCN3CC=C)c2c1,0
fenalamide,CCOC(=O)[C@](CC)(C(=O)NCCN(CC)CC)c1ccccc1,0
benzoxiquine,O=C(Oc1cccc2cccnc12)c3ccccc3,0
acronine,COc1cc2OC(C)(C)C=Cc2c3N(C)c4ccccc4C(=O)c13,0
paramethasone acetate,C[C@@H]1C[C@H]2[C@@H]3C[C@H](F)C4=CC(=O)C=C[C@]4(C)[C@H]3[C@@H](O)C[C@]2(C)[C@@]1(O)C(=O)COC(=O)C,0
acediasulfone,Nc1ccc(cc1)S(=O)(=O)c2ccc(NCC(=O)O)cc2,0
amodiaquine,CCN(CC)Cc1cc(Nc2ccnc3cc(Cl)ccc23)ccc1O,0
thenium closylate,C[N+](C)(CCOc1ccccc1)Cc2cccs2,0
amprolium,CCCc1ncc(C[n+]2ccccc2C)c(N)n1,0
gloxazone,CCO[C@@H](C)\C(=N/NC(=S)N)\C=N\NC(=S)N,0
bezitramide,CCC(=O)N1C(=O)N(C2CCN(CCC(C#N)(c3ccccc3)c4ccccc4)CC2)c5ccccc15,0
cloperidone,Clc1cccc(c1)N2CCN(CCCN3C(=O)Nc4ccccc4C3=O)CC2,0
propanocaine,CCN(CC)CC[C@H](OC(=O)c1ccccc1)c2ccccc2,0
heptolamide,Cc1ccc(cc1)S(=O)(=O)NC(=O)NC2CCCCCC2,0
dietifen,CCN(CC)CCOc1ccc(cc1)C(=O)CCc2ccccc2,0
sulfameter,COc1cnc(NS(=O)(=O)c2ccc(N)cc2)nc1,0
norethandrolone,CC[C@]1(O)CC[C@H]2[C@@H]3CCC4=CC(=O)CC[C@@H]4[C@H]3CC[C@]12C,0
mesuprine,COc1ccc(CCN[C@H](C)[C@H](O)c2ccc(NS(=O)(=O)C)c(O)c2)cc1,0
cotarnine chloride,COc1c2OCOc2cc3CC[N+](=Cc13)C,0
fenbuprol,CCCCOC[C@H](O)COc1ccccc1,0
glymidine,COCCOc1cnc(NS(=O)(=O)c2ccccc2)nc1,0
hydroxystilbamidine,NC(=N)c1ccc(\C=C\c2ccc(cc2)C(=N)N)c(O)c1,0
cyclexanone,O=C1CCC[C@@]1(CCN2CCOCC2)C3=CCCC3,0
betameprodine,CC[C@@H]1CN(C)CC[C@]1(OC(=O)CC)c2ccccc2,0
alloclamide,CCN(CC)CCNC(=O)c1ccc(Cl)cc1OCC=C,0
amidapsone,NC(=O)Nc1ccc(cc1)S(=O)(=O)c2ccc(N)cc2,0
paridocaine,CCCCNc1ccc(cc1)C(=O)OC2CCN(C)CC2,0
pentapiperide,CC[C@H](C)[C@H](C(=O)OC1CCN(C)CC1)c2ccccc2,0
nsc 60795,C[C@]12C[C@H](O)[C@H]3[C@@H](CC[C@H]4CCCC[C@]34C)[C@@H]1CC[C@@H]2N,0
meprylcaine,CCCNC(C)(C)COC(=O)c1ccccc1,0
diamthazole,CCN(CC)CCOc1ccc2nc(sc2c1)N(C)C,0
anisindione,COc1ccc(cc1)C2C(=O)c3ccccc3C2=O,0
carcainium chloride,C[N+](C)(CC(=O)Nc1ccccc1)CC(=O)Nc2ccccc2,0
periciazine,OC1CCN(CCCN2c3ccccc3Sc4ccc(cc24)C#N)CC1,0
benmoxin,C[C@H](NNC(=O)c1ccccc1)c2ccccc2,0
isobromindione,Brc1ccc2C(=O)[C@H](C(=O)c2c1)c3ccccc3,0
homatropine methylbromide,C[N+]1(C)[C@@H]2CC[C@H]1C[C@H](C2)OC(=O)[C@H](O)c3ccccc3,0
flualamide,CCN(CC)CCNC(=O)c1ccc(cc1OCC=C)C(F)(F)F,0
nicothiazone,NC(=S)N\N=C\c1cccnc1,0
diarbarone,CCN(CC)CCNC(=O)C1=C(O)c2ccccc2OC1=O,0
nsc 57153,O=C(Nc1ccc(cc1)C2=NCCCN2)c3ccc(cc3)C(=O)Nc4ccc(cc4)C5=NCCCN5,0
bumadizone,CCCC[C@@H](C(=O)O)C(=O)N(Nc1ccccc1)c2ccccc2,0
salazosulfathiazole,OC(=O)c1cc(ccc1O)N=Nc2ccc(cc2)S(=O)(=O)Nc3nccs3,0
isobucaine,CC(C)CNC(C)(C)COC(=O)c1ccccc1,0
amolanone,CCN(CC)CC[C@@]1(C(=O)Oc2ccccc12)c3ccccc3,0
phenethicillin,C[C@@H](Oc1ccccc1)C(=O)N[C@H]2[C@H]3SC(C)(C)[C@@H](N3C2=O)C(=O)O,0
proxazole,CC[C@H](c1ccccc1)c2noc(CCN(CC)CC)n2,0
quinacillin,CC1(C)S[C@@H]2[C@H](NC(=O)c3nc4ccccc4nc3C(=O)O)C(=O)N2[C@H]1C(=O)O,0
thialbarbital,C=CCC1([C@H]2CCCC=C2)C(=O)NC(=S)NC1=O,0
glyoctamide,Cc1ccc(cc1)S(=O)(=O)NC(=O)NC2CCCCCCC2,0
ambuside,C\C(=C\C=N\c1cc(Cl)c(cc1S(=O)(=O)NCC=C)S(=O)(=O)N)\O,0
glycobiarsol,OCC(=O)Nc1ccc(cc1)[As](=O)(O)O[Bi]=O,0
sulfisomidine,Cc1cc(NS(=O)(=O)c2ccc(N)cc2)nc(C)n1,0
heptabarbital,CCC1(C(=O)NC(=O)NC1=O)C2=CCCCCC2,0
butethamine,CC(C)CNCCOC(=O)c1ccc(N)cc1,0
propicillin,CC[C@@H](Oc1ccccc1)C(=O)N[C@H]2[C@H]3SC(C)(C)[C@@H](N3C2=O)C(=O)O,0
sulfamonomethoxine,COc1cc(NS(=O)(=O)c2ccc(N)cc2)ncn1,0
carbazochrome,CN1C[C@@H](O)C2=C\C(=N\NC(=O)N)\C(=O)C=C12,0
parethoxycaine,CCOc1ccc(cc1)C(=O)OCCN(CC)CC,0
codoxime,COc1ccc2C[C@@H]3[C@@H]4CC\C(=N/OCC(=O)O)\[C@@H]5Oc1c2[C@]45CCN3C,0
hexylcaine,C[C@H](CNC1CCCCC1)OC(=O)c2ccccc2,0
butetamate,CC[C@H](C(=O)OCCN(CC)CC)c1ccccc1,0
butopyrammonium iodide,CCCC[N+](C)(C)C1=C(C)N(C)N(C1=O)c2ccccc2,0
florantyrone,OC(=O)CCC(=O)c1ccc2c3cccc4cccc(c2c1)c34,0
hydroxytetracaine,CCCCNc1ccc(C(=O)OCCN(C)C)c(O)c1,0
butamben,CCCCOC(=O)c1ccc(N)cc1,0
nifenazone,CN1N(C(=O)C(=C1C)NC(=O)c2cccnc2)c3ccccc3,0
butadiazamide,CCCCc1nnc(NS(=O)(=O)c2ccc(Cl)cc2)s1,0
opipramol,OCCN1CCN(CCCN2c3ccccc3C=Cc4ccccc24)CC1,0
butylparaben,CCCCOC(=O)c1ccc(O)cc1,0
febuverine,CC[C@H](C(=O)OCCN1CCN(CCOC(=O)[C@H](CC)c2ccccc2)CC1)c3ccccc3,0
etoloxamine,CCN(CC)CCOc1ccccc1Cc2ccccc2,0
methoxsalen,COc1c2OC(=O)C=Cc2cc3ccoc13,0
guanoxan,NC(=N)NC[C@H]1COc2ccccc2O1,0
propoxate,CCCOC(=O)c1cncn1[C@H](C)c2ccccc2,0
carbadox,COC(=O)N\N=C\c1c[n+]([O-])c2ccccc2[n+]1[O-],0
bensuldazic acid,OC(=O)CN1CSC(=S)N(Cc2ccccc2)C1,0
obidoxime chloride,O\N=C\c1cc[n+](COC[n+]2ccc(\C=N\O)cc2)cc1,0
bromindione,Brc1ccc(cc1)C2C(=O)c3ccccc3C2=O,0
mitopodozide,CCNNC(=O)[C@@H]1[C@@H](CO)[C@H](O)c2cc3OCOc3cc2[C@@H]1c4cc(OC)c(OC)c(OC)c4,0
myrtecaine,CCN(CC)CCOCCC1=CC[C@@H]2C[C@H]1C2(C)C,0
aprofene,CCN(CC)CCOC(=O)C(C)(c1ccccc1)c2ccccc2,0
promolate,CC(C)(Oc1ccccc1)C(=O)OCCN2CCOCC2,0
drocode,COc1ccc2C[C@@H]3[C@@H]4CC[C@H](O)[C@@H]5Oc1c2[C@]45CCN3C,0
androstenetrione,C[C@]12CC(=O)[C@H]3[C@@H](CC[C@H]4CC(=O)C=C[C@]34C)[C@@H]1CCC2=O,0
glidazamide,O=C(NN1CCCCCC1)NS(=O)(=O)c2ccc3CCCc3c2,0
sulfaquinoxaline,Nc1ccc(cc1)S(=O)(=O)Nc2cnc3ccccc3n2,0
crotoniazide,C\C=C\C=N/NC(=O)c1ccncc1,0
norclostebol,C[C@]12CC[C@H]3[C@@H](CCC4=C(Cl)C(=O)CC[C@H]34)[C@@H]1CC[C@@H]2O,0
isotic,O=C(Nc1ccc(cc1)C2=NCCN2)c3cccc(c3)C(=O)Nc4ccc(cc4)C5=NCCN5,0
etafenone,CCN(CC)CCOc1ccccc1C(=O)CCc2ccccc2,0
sulfazamet,Cc1cc(NS(=O)(=O)c2ccc(N)cc2)n(n1)c3ccccc3,0
bisoxatin acetate,CC(=O)Oc1ccc(cc1)C2(Oc3ccccc3NC2=O)c4ccc(OC(=O)C)cc4,0
phoxim,CCOP(=S)(OCC)O\N=C(/C#N)\c1ccccc1,0
piperocaine,C[C@H]1CCCCN1CCCOC(=O)c2ccccc2,0
amopyroquin,Oc1ccc(Nc2ccnc3cc(Cl)ccc23)cc1CN4CCCC4,0
dipenine bromide,CC[N+](CC)(CC)CCOC(=O)C(C1CCCC1)C2CCCC2,0
nicametate,CCN(CC)CCOC(=O)c1cccnc1,0
iprazochrome,CC(C)N1C[C@@H](O)C2=C\C(=N\NC(=O)N)\C(=O)C=C12,0
proheptazine,CCC(=O)O[C@]1(CCCN(C)C[C@H]1C)c2ccccc2,0
fenamifuril,NC(=O)c1ccccc1OCC(=O)OC[C@@H]2CCCO2,0
clocortolone acetate,C[C@@H]1C[C@H]2[C@@H]3C[C@H](F)C4=CC(=O)C=C[C@]4(C)[C@@]3(Cl)[C@@H](O)C[C@]2(C)[C@H]1C(=O)COC(=O)C,0
sulbentine,S=C1SCN(Cc2ccccc2)CN1Cc3ccccc3,0
flutizenol,OCCN1CCN(CCCN2c3ccsc3Sc4ccc(cc24)C(F)(F)F)CC1,0
trimedoxime bromide,O\N=C\c1cc[n+](CCC[n+]2ccc(\C=N\O)cc2)cc1,0
clometocillin,CO[C@H](C(=O)N[C@H]1[C@H]2SC(C)(C)[C@@H](N2C1=O)C(=O)O)c3ccc(Cl)c(Cl)c3,0
fenbenicillin,CC1(C)S[C@@H]2[C@H](NC(=O)[C@H](Oc3ccccc3)c4ccccc4)C(=O)N2[C@H]1C(=O)O,0
cyclopenthiazide,NS(=O)(=O)c1cc2c(N[C@@H](CC3CCCC3)NS2(=O)=O)cc1Cl,0
cloxacillin,Cc1onc(c2ccccc2Cl)c1C(=O)N[C@H]3[C@H]4SC(C)(C)[C@@H](N4C3=O)C(=O)O,0
chlordimorine,Clc1cc(ccc1OCCCN2CCOCC2)c3ccccc3,0
dimenoxadol,CCOC(C(=O)OCCN(C)C)(c1ccccc1)c2ccccc2,0
isothipendyl,C[C@H](CN1c2ccccc2Sc3cccnc13)N(C)C,0
clostebol,C[C@]12CC[C@H]3[C@@H](CCC4=C(Cl)C(=O)CC[C@]34C)[C@@H]1CC[C@@H]2O,0
norvinisterone,C[C@]12CC[C@H]3[C@@H](CCC4=CC(=O)CC[C@H]34)[C@@H]1CC[C@@]2(O)C=C,0
laurixamine,CCCCCCCCCCCCOCCCN,0
floxacillin,Cc1onc(c1C(=O)N[C@H]2[C@H]3SC(C)(C)[C@@H](N3C2=O)C(=O)O)c4c(F)cccc4Cl,0
oxypertine,COc1cc2[nH]c(C)c(CCN3CCN(CC3)c4ccccc4)c2cc1OC,0
oxyphencyclimine,CN1CCCN=C1COC(=O)[C@](O)(C2CCCCC2)c3ccccc3,0
ethoheptazine,CCOC(=O)[C@@]1(CCCN(C)CC1)c2ccccc2,0
cintazone,CCCCC[C@H]1C(=O)N2C=C(c3ccccc3)c4ccccc4N2C1=O,0
pargeverine,CN(C)CCOC(=O)C(OCC#C)(c1ccccc1)c2ccccc2,0
thebacon,COc1ccc2C[C@@H]3[C@@H]4CC=C(OC(=O)C)[C@@H]5Oc1c2[C@]45CCN3C,0
fonazine,C[C@H](CN1c2ccccc2Sc3ccc(cc13)S(=O)(=O)N(C)C)N(C)C,0
decimemide,CCCCCCCCCCOc1c(OC)cc(cc1OC)C(=O)N,0
dipiproverine,O=C(OCCN1CCCCC1)[C@H](N2CCCCC2)c3ccccc3,0
propinetidine,CCC(=O)OC1(CC#C)CCN(CCc2ccccc2)CC1,0
tiemonium iodide,C[N+]1(CC[C@@](O)(c2ccccc2)c3cccs3)CCOCC1,0
benorterone,C[C@]1(O)CC[C@H]2[C@@H]3CC4=CC(=O)CC[C@]4(C)[C@H]3CC[C@]12C,0
pyrimitate,CCOP(=S)(OCC)Oc1cc(C)nc(n1)N(C)C,0
cinoxate,CCOCCOC(=O)\C=C\c1ccc(OC)cc1,0
trepirium iodide,C[N+](C)(C)CCOC(=O)[C@@H]1CCC[N+]1(C)C,0
dioxamate,CCCCCCCCC[C@]1(C)OC[C@@H](COC(=O)N)O1,0
epithiazide,NS(=O)(=O)c1cc2c(N[C@@H](CSCC(F)(F)F)NS2(=O)=O)cc1Cl,0
perimetazine,COc1ccc2Sc3ccccc3N(C[C@H](C)CN4CCC(O)CC4)c2c1,0
furazolium chloride,[O-][N+](=O)c1oc(cc1)c2csc3NCC[n+]23,0
khellin,COc1c2OC(=CC(=O)c2c(OC)c3ccoc13)C,0
oxacillin,Cc1onc(c2ccccc2)c1C(=O)N[C@H]3[C@H]4SC(C)(C)[C@@H](N4C3=O)C(=O)O,0
haloprogesterone,CC(=O)[C@@]1(Br)CC[C@H]2[C@@H]3C[C@H](F)C4=CC(=O)CC[C@]4(C)[C@H]3CC[C@]12C,0
tylocrebin-(+),COc1ccc2c3CN4CCC[C@@H]4Cc3c5cc(OC)c(OC)cc5c2c1OC,0
tolonium chloride,CN(C)c1ccc2nc3cc(C)c(N)cc3[s+]c2c1,0
etocarlide,CCOc1ccc(NC(=S)Nc2ccc(OCC)cc2)cc1,0
denaverine,CCC(CC)COC(C(=O)OCCN(C)C)(c1ccccc1)c2ccccc2,0
clamoxyquin,CCN(CC)CCCNCc1cc(Cl)c2cccnc2c1O,0
sulfachlorpyridazine,Nc1ccc(cc1)S(=O)(=O)Nc2ccc(Cl)nn2,0
visnadine,CC[C@@H](C)C(=O)O[C@@H]1[C@H](OC(=O)C)c2c(OC1(C)C)ccc3C=CC(=O)Oc23,0
normethandrone,C[C@]1(O)CC[C@H]2[C@@H]3CCC4=CC(=O)CC[C@@H]4[C@H]3CC[C@]12C,0
16-fluorotestosterone propionate,CCC(=O)O[C@H]1[C@@H](F)C[C@H]2[C@@H]3CCC4=CC(=O)CC[C@]4(C)[C@H]3CC[C@]12C,0
2-methyl-19-nortestosterone,C[C@@H]1C[C@@H]2[C@H]3CC[C@]4(C)[C@@H](O)CC[C@H]4[C@@H]3CCC2=CC1=O,0
desaspidin,CCCC(=O)C1=C(O)C(C)(C)C(=C(Cc2c(O)c(C(=O)CCC)c(O)cc2OC)C1=O)O,0
fezatione,Cc1ccc(\C=N\N2C(=S)SC=C2c3ccccc3)cc1,0
clefamide,OCCN(Cc1ccc(Oc2ccc(cc2)[N+](=O)[O-])cc1)C(=O)C(Cl)Cl,0
9-fluoroxotestenololactone,C[C@]12CC(=O)[C@@]3(F)[C@@H](CCC4=CC(=O)C=C[C@]34C)[C@@H]1CCC(=O)O2,0
almecillin,CC1(C)S[C@@H]2[C@H](NC(=O)CSCC=C)C(=O)N2[C@H]1C(=O)O,0
bietamiverine,CCN(CC)CCOC(=O)[C@H](N1CCCCC1)c2ccccc2,0
lobeline,CN1[C@H](CC(=O)c2ccccc2)CCC[C@@H]1C[C@H](O)c3ccccc3,0
niprofazone,CC(C)N(CNC(=O)c1cccnc1)C2=C(C)N(C)N(C2=O)c3ccccc3,0
ethidium chloride,CC[n+]1c(c2ccccc2)c3cc(N)ccc3c4ccc(N)cc14,0
acepromazine,CN(C)CCCN1c2ccccc2Sc3ccc(cc13)C(=O)C,0
trimethaphan camsylate,O=C1N(Cc2ccccc2)[C@@H]3C[S+]4CCC[C@H]4[C@@H]3N1Cc5ccccc5,0
hydroxindasate,COc1ccc(Cn2c(C)c(CCN)c3cc(OC(=O)C)ccc23)cc1,0
propanidid,CCCOC(=O)Cc1ccc(OCC(=O)N(CC)CC)c(OC)c1,0
prednylidene,C[C@]12C[C@H](O)[C@H]3[C@@H](CCC4=CC(=O)C=C[C@]34C)[C@@H]1CC(=C)[C@]2(O)C(=O)CO,0
cetylpyridinium cl,CCCCCCCCCCCCCCCC[n+]1ccccc1,0
apovincamine,CC[C@@]12CCCN3CCc4c([C@H]13)n(C(=C2)C(=O)OC)c5ccccc45,0
pentamoxane,CC(C)CCNC[C@H]1COc2ccccc2O1,0
dimpylate,CCOP(=S)(OCC)Oc1cc(C)nc(n1)C(C)C,0
benzpiperylon,CN1CCC(CC1)N2NC(=C(Cc3ccccc3)C2=O)c4ccccc4,0
penicillin g procaine,CC1(C)S[C@@H]2[C@H](NC(=O)Cc3ccccc3)C(=O)N2[C@H]1C(=O)O,0
"fuchsin, basic",Cc1cc(ccc1N)C(=C2C=CC(=N)C=C2)c3ccc(N)cc3,0
nifurquinazole,OCCN(CCO)c1nc(nc2ccccc12)c3oc(cc3)[N+](=O)[O-],0
mibolerone,C[C@@H]1CC2=CC(=O)CC[C@@H]2[C@H]3CC[C@@]4(C)[C@@H](CC[C@]4(C)O)[C@H]13,0
hydroxydimethandrostadienone,C[C@@H]1C[C@@]2(C)C(=CC1=O)CC[C@H]3[C@@H]4CC[C@](C)(O)[C@@]4(C)CC=C23,0
9-fluoroxotestololactone,C[C@]12CC(=O)[C@@]3(F)[C@@H](CCC4=CC(=O)CC[C@]34C)[C@@H]1CCC(=O)O2,0
amoxecaine,CCN(CC)CCN(CC)CCOC(=O)c1ccc(N)cc1,0
nifuroxime,O\N=C\c1oc(cc1)[N+](=O)[O-],0
fubrogonium iodide,CC[N+](C)(CC)CC[C@H](C)OC(=O)c1oc(Br)cc1,0
3-fluoroandrostanol,C[C@]12CC[C@H]3[C@@H](CC[C@H]4C[C@@H](F)CC[C@]34C)[C@@H]1CC[C@@H]2O,0
sulfadimethoxine,COc1cc(NS(=O)(=O)c2ccc(N)cc2)nc(OC)n1,0
prothipendyl,CN(C)CCCN1c2ccccc2Sc3cccnc13,0
naepaine,CCCCCNCCOC(=O)c1ccc(N)cc1,0
cinanserin,CN(C)CCCSc1ccccc1NC(=O)\C=C\c2ccccc2,0
triclazate,CN1CC[C@H](COC(=O)C(O)(c2ccccc2)c3ccccc3)C1,0
tribenoside,CCO[C@@H]1O[C@H]([C@H](COCc2ccccc2)OCc3ccccc3)[C@H](OCc4ccccc4)[C@H]1O,0
carbol-fuschin,Cc1cc(ccc1N)C(=C2C=CC(=N)C=C2)c3ccc(N)cc3C,0
oxysonium iodide,C[S+](C)CCOC(=O)[C@](O)(C1CCCCC1)c2ccccc2,0
sulfathiazole,Nc1ccc(cc1)S(=O)(=O)Nc2nccs2,0
sulfametomidine,COc1cc(NS(=O)(=O)c2ccc(N)cc2)nc(C)n1,0
quintiofos,CCO[P@](=S)(Oc1cccc2cccnc12)c3ccccc3,0
trimethidinium methosulfate,CC1(C)[C@@H]2CC[C@@]1(C)C[N@+](C)(CCC[N+](C)(C)C)C2,0
morazone,C[C@@H]1[C@@H](OCCN1CC2=C(C)N(C)N(C2=O)c3ccccc3)c4ccccc4,0
ambucaine,CCCCOc1cc(N)ccc1C(=O)OCCN(CC)CC,0
eprazinone,CCO[C@H](CN1CCN(C[C@@H](C)C(=O)c2ccccc2)CC1)c3ccccc3,0
propenzolate,CN1CCC[C@@H](C1)OC(=O)[C@](O)(C2CCCCC2)c3ccccc3,0
trengestone,CC(=O)[C@H]1CC[C@H]2[C@@H]3C=C(Cl)C4=CC(=O)C=C[C@@]4(C)[C@@H]3CC[C@]12C,0
nitrosulfathiazole,[O-][N+](=O)c1ccc(cc1)S(=O)(=O)Nc2nccs2,0
cinnamaverine,CCN(CC)CCOC(=O)\C(=C/c1ccccc1)\c2ccccc2,0
phenacaine,CCOc1ccc(N\C(=N\c2ccc(OCC)cc2)\C)cc1,0
podilfen,C[C@H](Cc1ccc2OCOc2c1)N3CCN(CC3)c4nc(C)cs4,0
tiomesterone,CC(=O)S[C@@H]1CC2=CC(=O)C[C@H](SC(=O)C)[C@]2(C)[C@H]3CC[C@@]4(C)[C@@H](CC[C@]4(C)O)[C@H]13,0
chloroprednisone acetate,CC(=O)OCC(=O)[C@@]1(O)CC[C@H]2[C@@H]3C[C@H](Cl)C4=CC(=O)C=C[C@]4(C)[C@H]3C(=O)C[C@]12C,0
clidinium bromide,C[N@+]12CC[C@H](CC1)[C@H](C2)OC(=O)C(O)(c3ccccc3)c4ccccc4,0
pregn-4-ene trione,C[C@H]1C[C@H]2[C@@H]3CC[C@H](C(=O)C)[C@@]3(C)CC(=O)[C@@H]2[C@@]4(C)CCC(=O)C=C14,0
dibucaine,CCCCOc1cc(C(=O)NCCN(CC)CC)c2ccccc2n1,0
testolactone,C[C@]12CC[C@H]3[C@@H](CCC4=CC(=O)C=C[C@]34C)[C@@H]1CCC(=O)O2,0
xanthiol,OCCCN1CCN(CCC[C@@H]2c3ccccc3Sc4ccc(Cl)cc24)CC1,0
tridihexethyl chloride,CC[N+](CC)(CC)CC[C@](O)(C1CCCCC1)c2ccccc2,0
cycrimine,O[C@@](CCN1CCCCC1)(C2CCCC2)c3ccccc3,0
tetradonium bromide,CCCCCCCCCCCCCC[N+](C)(C)C,0
caramiphen,CCN(CC)CCOC(=O)C1(CCCC1)c2ccccc2,0
domoxin,NN(C[C@@H]1COc2ccccc2O1)Cc3ccccc3,0
hydrocortisone butyrate,CCCC(=O)O[C@@]1(CC[C@H]2[C@@H]3CCC4=CC(=O)CC[C@]4(C)[C@H]3[C@@H](O)C[C@]12C)C(=O)CO,0
butacaine,CCCCN(CCCC)CCCOC(=O)c1ccc(N)cc1,0
norgesterone,C[C@]12CC[C@H]3[C@@H](CCC4=C3CCC(=O)C4)[C@@H]1CC[C@@]2(O)C=C,0
aceprometazine,C[C@H](CN1c2ccccc2Sc3ccc(cc13)C(=O)C)N(C)C,0
melperone,CC1CCN(CCCC(=O)c2ccc(F)cc2)CC1,0
glyhexamide,O=C(NC1CCCCC1)NS(=O)(=O)c2ccc3CCCc3c2,0
subathizone,CCS(=O)(=O)c1ccc(\C=N\NC(=S)N)cc1,0
dimethoxanate,CN(C)CCOCCOC(=O)N1c2ccccc2Sc3ccccc13,0
etoxeridine,CCOC(=O)C1(CCN(CCOCCO)CC1)c2ccccc2,0
delmadinone acetate,CC(=O)O[C@@]1(CC[C@H]2[C@@H]3C=C(Cl)C4=CC(=O)C=C[C@]4(C)[C@H]3CC[C@]12C)C(=O)C,0
dimethylhydroxytestosterone,CC1=C2CC[C@H]3[C@@H]4CC[C@](C)(O)[C@@]4(C)C[C@H](O)[C@@H]3[C@@]2(C)CCC1=O,0
sulfanitran,CC(=O)Nc1ccc(cc1)S(=O)(=O)Nc2ccc(cc2)[N+](=O)[O-],0
piperoxan,C([C@H]1COc2ccccc2O1)N3CCCCC3,0
alfadolone,C[C@]12CC[C@@H](O)C[C@@H]1CC[C@H]3[C@@H]4CC[C@H](C(=O)CO)[C@@]4(C)CC(=O)[C@H]23,0
tropenziline bromide,CO[C@H]1C[C@@H]2C[C@@H](C[C@H]1[N+]2(C)C)OC(=O)C(O)(c3ccccc3)c4ccccc4,0
metribolone,C[C@]1(O)CC[C@H]2[C@@H]3CCC4=CC(=O)CCC4=C3C=C[C@]12C,0
metopimazine,CS(=O)(=O)c1ccc2Sc3ccccc3N(CCCN4CCC(CC4)C(=O)N)c2c1,0
procyclidine,O[C@@](CCN1CCCC1)(C2CCCCC2)c3ccccc3,0
oxapium iodide,C[N+]1(C[C@@H]2CO[C@@](O2)(C3CCCCC3)c4ccccc4)CCCCC1,0
myfadol,C[C@H]1N(CC(=O)c2ccccc2)CCC[C@]1(C)c3cccc(O)c3,0
diperodon,O=C(Nc1ccccc1)OC[C@H](CN2CCCCC2)OC(=O)Nc3ccccc3,0
penamecillin,CC(=O)OCOC(=O)[C@@H]1N2[C@H](SC1(C)C)[C@H](NC(=O)Cc3ccccc3)C2=O,0
2-methyl-11-oxoprogesterone,C[C@@H]1C[C@]2(C)[C@@H]3[C@@H](CCC2=CC1=O)[C@@H]4CC[C@H](C(=O)C)[C@@]4(C)CC3=O,0
oxamarin,CCN(CC)CCOc1cc2OC(=O)C=C(C)c2cc1OCCN(CC)CC,0
butaperazine,CCCC(=O)c1ccc2Sc3ccccc3N(CCCN4CCN(C)CC4)c2c1,0
benfurodil hemisuccinate,C[C@H](OC(=O)CCC(=O)O)c1oc2cc(ccc2c1C)C3=CC(=O)OC3,0
amithiozone,CC(=O)Nc1ccc(\C=N\NC(=S)N)cc1,0
fluorohydroxyandrosterone,C[C@]12CC[C@H]3[C@@H](CC[C@H]4CC(=O)[C@H](F)C[C@]34C)[C@@H]1CC[C@@H]2O,0
sultroponium,C[N@+]1(CCCS(=O)(=O)[O-])[C@@H]2CC[C@H]1C[C@H](C2)OC(=O)[C@H](CO)c3ccccc3,0
diacetylmorphine,CN1CC[C@]23[C@H]4Oc5c(OC(=O)C)ccc(C[C@@H]1[C@@H]2C=C[C@@H]4OC(=O)C)c35,0
salinazid,Oc1ccccc1\C=N/NC(=O)c2ccncc2,0
hydroxystenozole,C[C@]1(O)CC[C@H]2[C@@H]3CCC4=Cc5[nH]ncc5C[C@]4(C)[C@H]3CC[C@]12C,0
nicoboxil,CCCCOCCOC(=O)c1cccnc1,0
solypertine,COc1ccccc1N2CCN(CCc3c[nH]c4cc5OCOc5cc34)CC2,0
febarbamate,CCCCOC[C@H](CN1C(=O)NC(=O)[C@](CC)(C1=O)c2ccccc2)OC(=O)N,0
salverine,CCN(CC)CCOc1ccccc1C(=O)Nc2ccccc2,0
sulfamethoxypyridazine,COc1ccc(NS(=O)(=O)c2ccc(N)cc2)nn1,0
oxpheneridine,CCOC(=O)C1(CCN(C[C@H](O)c2ccccc2)CC1)c3ccccc3,0
epitiostanol,C[C@]12CC[C@H]3[C@@H](CC[C@H]4C[C@@H]5S[C@@H]5C[C@]34C)[C@@H]1CC[C@@H]2O,0
cloxypendyl,OCCN1CCN(CCCN2c3ccccc3Sc4cc(Cl)cnc24)CC1,0
bamifylline,CCN(CCO)CCn1c(Cc2ccccc2)nc3N(C)C(=O)N(C)C(=O)c13,0
enestebol,C[C@]1(O)CC[C@H]2[C@@H]3CCC4=C(O)C(=O)C=C[C@]4(C)[C@H]3CC[C@]12C,0
fenpiverinium bromide,C[N+]1(CCC(C(=O)N)(c2ccccc2)c3ccccc3)CCCCC1,0
oxymesterone,C[C@]1(O)CC[C@H]2[C@@H]3CCC4=C(O)C(=O)CC[C@]4(C)[C@H]3CC[C@]12C,0
trantelinium bromide,C[N+]1(C)[C@@H]2CC[C@H]1C[C@H](C2)OC(=O)C3c4ccccc4Oc5ccccc35,0
proxyphylline,C[C@H](O)Cn1cnc2N(C)C(=O)N(C)C(=O)c12,0
benoxinate,CCCCOc1cc(ccc1N)C(=O)OCCN(CC)CC,0
piperilate,OC(C(=O)OCCN1CCCCC1)(c2ccccc2)c3ccccc3,0
althiazide,NS(=O)(=O)c1cc2c(N[C@@H](CSCC=C)NS2(=O)=O)cc1Cl,0
parapenzolate bromide,C[N+]1(C)CCC(CC1)OC(=O)C(O)(c2ccccc2)c3ccccc3,0
nifurvidine,CC1=NC(=O)C=C(N1)\C=C\c2oc(cc2)[N+](=O)[O-],0
cinperene,O=C1CC[C@@](C2CCN(C\C=C\c3ccccc3)CC2)(C(=O)N1)c4ccccc4,0
dicolinium iodide,CC[N+](C)(CC)CCOC(=O)[C@@H]1CCC[C@H](C)[N+]1(C)C,0
dyphylline,CN1C(=O)N(C)c2ncn(C[C@H](O)CO)c2C1=O,0
thiambutosine,CCCCOc1ccc(NC(=S)Nc2ccc(cc2)N(C)C)cc1,0
cycotiamine,C\C(=C\1/CCOC(=O)S1)\N(Cc2cnc(C)nc2N)C=O,0
berberine sulfate,COc1ccc2cc3c4cc5OCOc5cc4CC[n+]3cc2c1OC,0
canrenone,C[C@]12CCC(=O)C=C1C=C[C@@H]3[C@@H]2CC[C@@]4(C)[C@H]3CC[C@@]45CCC(=O)O5,0
metocinium iodide,C[N+](C)(C)CCOC(=O)C(O)(c1ccccc1)c2ccccc2,0
aconiazide,OC(=O)COc1ccccc1\C=N\NC(=O)c2ccncc2,0
formebolone,C[C@]1(O)CC[C@H]2[C@@H]3CCC4=CC(=O)C(=C[C@]4(C)[C@H]3[C@H](O)C[C@]12C)C=O,0
phenoperidine,CCOC(=O)C1(CCN(CC[C@H](O)c2ccccc2)CC1)c3ccccc3,0
pelanserin,O=C1Nc2ccccc2C(=O)N1CCCN3CCN(CC3)c4ccccc4,0
amikhelline,CCN(CC)CCOc1c2OC(=CC(=O)c2c(O)c3ccoc13)C,0
propantheline bromide,CC(C)[N+](C)(CCOC(=O)C1c2ccccc2Oc3ccccc13)C(C)C,0
buzepide metiodide,C[N+]1(CCC(C(=O)N)(c2ccccc2)c3ccccc3)CCCCCC1,0
mazipredone,CN1CCN(CC(=O)[C@@]2(O)CC[C@H]3[C@@H]4CCC5=CC(=O)C=C[C@]5(C)[C@H]4[C@@H](O)C[C@]23C)CC1,0
benactyzine,CCN(CC)CCOC(=O)C(O)(c1ccccc1)c2ccccc2,0
dimethylnortestosterone,C[C@@H]1C[C@@H]2[C@H]3CC[C@@]4(C)[C@@H](CC[C@]4(C)O)[C@@H]3CCC2=CC1=O,0
deflazacort,CC(=O)OCC(=O)[C@@]12N=C(C)O[C@@H]1C[C@H]3[C@@H]4CCC5=CC(=O)C=C[C@]5(C)[C@H]4[C@@H](O)C[C@]23C,0
bromperidol,OC1(CCN(CCCC(=O)c2ccc(F)cc2)CC1)c3ccc(Br)cc3,0
propiomazine,CCC(=O)c1ccc2Sc3ccccc3N(C[C@H](C)N(C)C)c2c1,0
nihydrazone,CC(=O)N\N=C\c1oc(cc1)[N+](=O)[O-],0
bufogenin,C[C@]12CC[C@H](O)C[C@H]1CC[C@@H]3[C@@H]2CC[C@]4(C)[C@H](C[C@H]5O[C@@]345)C6=COC(=O)C=C6,0
acetophenazine,CC(=O)c1ccc2Sc3ccccc3N(CCCN4CCN(CCO)CC4)c2c1,0
anileridine,CCOC(=O)C1(CCN(CCc2ccc(N)cc2)CC1)c3ccccc3,0
nitrofurazone,NC(=O)N\N=C\c1oc(cc1)[N+](=O)[O-],0
nifurimide,C[C@@H]1CN(\N=C\c2oc(cc2)[N+](=O)[O-])C(=O)N1,0
benzetimide,O=C1CC[C@@](C2CCN(Cc3ccccc3)CC2)(C(=O)N1)c4ccccc4,0
nidroxyzone,NC(=O)N(CCO)\N=C\c1oc(cc1)[N+](=O)[O-],0
opiniazide,COc1ccc(\C=N\NC(=O)c2ccncc2)c(C(=O)O)c1OC,0
furalazine,Nc1ncc(\C=C\c2oc(cc2)[N+](=O)[O-])nn1,0
nsc 56955,C[C@]12CC[C@H]3[C@@H](CC[C@]45CC(=O)C[C@H](SS4)[C@]35C)[C@@H]1CCC(=O)O2,0
nifurprazine,Nc1ccc(\C=C\c2oc(cc2)[N+](=O)[O-])nn1,0
azaperone,Fc1ccc(cc1)C(=O)CCCN2CCN(CC2)c3ccccn3,0
nifuraldezone,NC(=O)C(=O)N\N=C\c1oc(cc1)[N+](=O)[O-],0
etofylline,CN1C(=O)N(C)c2ncn(CCO)c2C1=O,0
benzilonium bromide,CC[N+]1(CC)CC[C@@H](C1)OC(=O)C(O)(c2ccccc2)c3ccccc3,0
nifurpirinol,OCc1cccc(\C=C\c2oc(cc2)[N+](=O)[O-])n1,0
dimabefylline,CN(C)c1ccc(Cn2cnc3N(C)C(=O)N(C)C(=O)c23)cc1,0
monophosphothiamine,Cc1ncc(C[n+]2csc(CCOP(=O)(O)O)c2C)c(N)n1,0
nifuradene,[O-][N+](=O)c1oc(\C=N\N2CCNC2=O)cc1,0
quinaldine blue,CCN1\C(=C\C=C\c2ccc3ccccc3[n+]2CC)\C=Cc4ccccc14,0
laureth 4,CCCCCCCCCCCCOCCOCCOCCOCCO,0
tricyclamol chloride,C[N+]1(CC[C@](O)(C2CCCCC2)c3ccccc3)CCCC1,0
trenbolone acetate,CC(=O)O[C@H]1CC[C@H]2[C@@H]3CCC4=CC(=O)CCC4=C3C=C[C@]12C,0
nifurethazone,CN(C)CCN(\N=C\c1oc(cc1)[N+](=O)[O-])C(=O)N,0
heteronium bromide,C[N+]1(C)CC[C@@H](C1)OC(=O)[C@@](O)(c2ccccc2)c3cccs3,0
chromonar,CCOC(=O)COc1ccc2C(=C(CCN(CC)CC)C(=O)Oc2c1)C,0
benzethidine,CCOC(=O)C1(CCN(CCOCc2ccccc2)CC1)c3ccccc3,0
meletimide,Cc1ccc(CN2CCC(CC2)[C@@]3(CCC(=O)NC3=O)c4ccccc4)cc1,0
ftivazide,COc1cc(\C=N\NC(=O)c2ccncc2)ccc1O,0
furazolidone,[O-][N+](=O)c1oc(\C=N\N2CCOC2=O)cc1,0
haloxon,CC1=C(Cl)C(=O)Oc2cc(OP(=O)(OCCCl)OCCCl)ccc12,0
oxypendyl,OCCN1CCN(CCCN2c3ccccc3Sc4cccnc24)CC1,0
xenytropium bromide,C[N@+]1(Cc2ccc(cc2)c3ccccc3)[C@@H]4CC[C@H]1C[C@H](C4)OC(=O)[C@H](CO)c5ccccc5,0
coumaphos,CCOP(=S)(OCC)Oc1ccc2C(=C(Cl)C(=O)Oc2c1)C,0
nifurtoinol,OCN1C(=O)CN(\N=C\c2oc(cc2)[N+](=O)[O-])C1=O,0
penthienate bromide,CC[N+](C)(CC)CCOC(=O)[C@@](O)(C1CCCC1)c2cccs2,0
thiofuradene,[O-][N+](=O)c1oc(\C=N/N2CCNC2=S)cc1,0
pyritidium bromide,Cc1cc(Nc2ccc3c4ccc(N)cc4[n+](C)c(c5ccc(N)cc5)c3c2)nc(N)[n+]1C,0
piminodine,CCOC(=O)C1(CCN(CCCNc2ccccc2)CC1)c3ccccc3,0
dimethazan,CN(C)CCn1cnc2N(C)C(=O)N(C)C(=O)c12,0
nicodicodine,COc1ccc2C[C@@H]3[C@@H]4CC[C@H](OC(=O)c5cccnc5)[C@@H]6Oc1c2[C@]46CCN3C,0
oxeladin,CCN(CC)CCOCCOC(=O)C(CC)(CC)c1ccccc1,0
xanthinol niacinate,CN(CCO)C[C@H](O)Cn1cnc2N(C)C(=O)N(C)C(=O)c12,0
furmethoxadone,C[C@H]1CN(\N=C\c2oc(cc2)[N+](=O)[O-])C(=O)O1,0
pipazethate,O=C(OCCOCCN1CCCCC1)N2c3ccccc3Sc4cccnc24,0
sulfamethoxypyridazine acetyl,COc1ccc(NS(=O)(=O)c2ccc(NC(=O)C)cc2)nn1,0
mepenzolate bromide,C[N+]1(C)CCC[C@@H](C1)OC(=O)C(O)(c2ccccc2)c3ccccc3,0
prednival,CCCCC(=O)O[C@@]1(CC[C@H]2[C@@H]3CCC4=CC(=O)C=C[C@]4(C)[C@H]3[C@@H](O)C[C@]12C)C(=O)CO,0
lomifylline,CN1C(=O)N(C)c2ncn(CCCCC(=O)C)c2C1=O,0
nsc 70801,CCN(CC)CCO[C@H]1CC[C@]2(C)[C@H]3CC[C@@]4(C)[C@@H](CCC4=O)[C@@H]3CC=C2C1,0
succinylsulfathiazole,OC(=O)CCC(=O)Nc1ccc(cc1)S(=O)(=O)Nc2nccs2,0
roxoperone,CN1C(=O)CC2(CCN(CCCC(=O)c3ccc(F)cc3)CC2)C1=O,0
poldine methylsulfate,C[N+]1(C)CCC[C@@H]1COC(=O)C(O)(c2ccccc2)c3ccccc3,0
metoquizine,CN1C[C@@H](C[C@@H]2[C@H]1Cc3cn(C)c4cccc2c34)NC(=O)n5nc(C)cc5C,0
prednisolone phosphate,C[C@]12C[C@H](O)[C@H]3[C@@H](CCC4=CC(=O)C=C[C@]34C)[C@@H]1CC[C@]2(O)C(=O)COP(=O)(O)O,0
hexopyrronium bromide,C[N+]1(C)CC[C@@H](C1)OC(=O)[C@](O)(C2CCCCC2)c3ccccc3,0
fluorotestosterone,CCC(=O)O[C@H]1CC[C@H]2[C@@H]3C[C@H](F)C4=CC(=O)CC[C@]4(C)[C@H]3CC[C@]12C,0
fluocortolone caproate,CCCCCC(=O)OCC(=O)[C@H]1[C@H](C)C[C@H]2[C@@H]3C[C@H](F)C4=CC(=O)C=C[C@]4(C)[C@H]3[C@@H](O)C[C@]12C,0
carphenazine,CCC(=O)c1ccc2Sc3ccccc3N(CCCN4CCN(CCO)CC4)c2c1,0
trifluperidol,OC1(CCN(CCCC(=O)c2ccc(F)cc2)CC1)c3cccc(c3)C(F)(F)F,0
minepentate,CN(C)CCOCCOC(=O)C1(CCCC1)c2ccccc2,0
bevonium metilsulfate,C[N+]1(C)CCCC[C@@H]1COC(=O)C(O)(c2ccccc2)c3ccccc3,0
benzopyrronium bromide,C[N+]1(C)CC[C@@H](C1)OC(=O)C(O)(c2ccccc2)c3ccccc3,0
dydrogesterone,CC(=O)[C@H]1CC[C@H]2[C@@H]3C=CC4=CC(=O)CC[C@@]4(C)[C@@H]3CC[C@]12C,0
oxyphenonium bromide,CC[N+](C)(CC)CCOC(=O)[C@](O)(C1CCCCC1)c2ccccc2,0
methantheline bromide,CC[N+](C)(CC)CCOC(=O)C1c2ccccc2Oc3ccccc13,0
alazanine triclofenate,CCN1\C(=C\C=C\c2sc3ccccc3[n+]2CC)\Sc4ccccc14,0
azacosterol,CN(C)CCCN(C)[C@H]1CC[C@H]2[C@@H]3CC=C4C[C@@H](O)CC[C@]4(C)[C@H]3CC[C@]12C,0
phenactropinium chloride,C[N@@+]1(CC(=O)c2ccccc2)[C@@H]3CC[C@H]1C[C@H](C3)OC(=O)[C@H](O)c4ccccc4,0
methenolone acetate,CC(=O)O[C@H]1CC[C@H]2[C@@H]3CC[C@H]4CC(=O)C=C(C)[C@]4(C)[C@H]3CC[C@]12C,0
nsc 50903,C[C@]12CC[C@H]3[C@@H](C=CC4=CC(=O)CC[C@]34C)[C@@H]1CCC(=O)O2,0
pipenzolate bromide,CC[N@@+]1(C)CCC[C@H](C1)OC(=O)C(O)(c2ccccc2)c3ccccc3,0
etamiphyllin,CCN(CC)CCn1cnc2N(C)C(=O)N(C)C(=O)c12,0
etipirium iodide,C[N+]1(CCOC(=O)C(O)(c2ccccc2)c3ccccc3)CCCC1,0
piprocurarium iodide,CC[N+](C)(CC)CCOCCOC(=O)[C@H](c1ccccc1)[N+]2(C)CCCCC2,0
canrenoic acid,C[C@]12CCC(=O)C=C1C=C[C@@H]3[C@@H]2CC[C@@]4(C)[C@H]3CC[C@@]4(O)CCC(=O)O,0
mestanolone,C[C@]1(O)CC[C@H]2[C@@H]3CC[C@H]4CC(=O)CC[C@]4(C)[C@H]3CC[C@]12C,0
hydroxymethylandrostanone,C[C@]1(O)CC[C@H]2[C@@H]3CC[C@@H]4CC(=O)CC[C@]4(C)[C@H]3CC[C@]12C,0
fentonium bromide,C[N@@+]1(CC(=O)c2ccc(cc2)c3ccccc3)[C@@H]4CC[C@H]1C[C@H](C4)OC(=O)[C@H](CO)c5ccccc5,0
methylbenactyzium bromide,CC[N+](C)(CC)CCOC(=O)C(O)(c1ccccc1)c2ccccc2,0
furazabol,C[C@]1(O)CC[C@H]2[C@@H]3CC[C@H]4Cc5nonc5C[C@]4(C)[C@H]3CC[C@]12C,0
amiperone,CN(C)C(=O)C1(CCN(CCCC(=O)c2ccc(F)cc2)CC1)c3ccc(Cl)cc3,0
acetiamine,CC(=O)OCC\C(=C(\C)/N(Cc1cnc(C)nc1N)C=O)\SC(=O)C,0
pregnenolone succinate,CC(=O)[C@H]1CC[C@H]2[C@@H]3CC=C4C[C@H](CC[C@]4(C)[C@H]3CC[C@]12C)OC(=O)CCC(=O)O,0
hydrocortamate,CCN(CC)CC(=O)OCC(=O)[C@@]1(O)CC[C@H]2[C@@H]3CCC4=CC(=O)CC[C@]4(C)[C@H]3[C@@H](O)C[C@]12C,0
dithiazanine iodide,CCN1\C(=C\C=C\C=C\c2sc3ccccc3[n+]2CC)\Sc4ccccc14,0
toquizine,CCn1cc2C[C@@H]3[C@@H](C[C@H](CN3C)NC(=O)n4nc(C)cc4C)c5cccc1c25,0
nsc 82484,CC(=O)O[C@H]1CC[C@H]2[C@@H]3CC[C@H]4CC=C(C[C@]4(C)[C@H]3CC[C@]12C)C#N,0
theodrenaline,CN1C(=O)N(C)c2ncn(CCNC[C@H](O)c3ccc(O)c(O)c3)c2C1=O,0
pipamperone,NC(=O)C1(CCN(CCCC(=O)c2ccc(F)cc2)CC1)N3CCCCC3,0
betoxycaine,CCCCOc1ccc(cc1N)C(=O)OCCOCCN(CC)CC,0
fursultiamine,C\C(=C(\CCO)/SSC[C@@H]1CCCO1)\N(Cc2cnc(C)nc2N)C=O,0
acoxatrine,CC(=O)NCC1(CCN(C[C@H]2COc3ccccc3O2)CC1)c4ccccc4,0
nicomorphine,CN1CC[C@]23[C@H]4Oc5c(OC(=O)c6cccnc6)ccc(C[C@@H]1[C@@H]2C=C[C@@H]4OC(=O)c7cccnc7)c35,0
propyperone,CCC(=O)C1(CCN(CCCC(=O)c2ccc(F)cc2)CC1)N3CCCCC3,0
carbetapentane,CCN(CC)CCOCCOC(=O)C1(CCCC1)c2ccccc2,0
spiperone,Fc1ccc(cc1)C(=O)CCCN2CCC3(CC2)N(CNC3=O)c4ccccc4,0
pimefylline,CN1C(=O)N(C)c2ncn(CCNCc3cccnc3)c2C1=O,0
prednisolone tebutate,CC(C)(C)CC(=O)OCC(=O)[C@@]1(O)CC[C@H]2[C@@H]3CCC4=CC(=O)C=C[C@]4(C)[C@H]3[C@@H](O)C[C@]12C,0
dromostanolone propionate,CCC(=O)O[C@H]1CC[C@H]2[C@@H]3CC[C@H]4CC(=O)[C@H](C)C[C@]4(C)[C@H]3CC[C@]12C,0
fenethylline,C[C@H](Cc1ccccc1)NCCn2cnc3N(C)C(=O)N(C)C(=O)c23,0
cetotiamine,CCOC(=O)OCC\C(=C(/C)\N(Cc1cnc(C)nc1N)C=O)\SC(=O)OCC,0
aceperone,CC(=O)NCC1(CCN(CCCC(=O)c2ccc(F)cc2)CC1)c3ccccc3,0
prednisolamate,CCN(CC)CC(=O)OCC(=O)[C@@]1(O)CC[C@H]2[C@@H]3CCC4=CC(=O)C=C[C@]4(C)[C@H]3[C@@H](O)C[C@]12C,0
levofuraltadone,[O-][N+](=O)c1oc(\C=N/N2C[C@H](CN3CCOCC3)OC2=O)cc1,0
furaltadone,[O-][N+](=O)c1oc(\C=N\N2C[C@H](CN3CCOCC3)OC2=O)cc1,0
Antazoline,C1CN=C(CN(Cc2ccccc2)c3ccccc3)N1,0
Heptabarbital,CCC1(C(=O)NC(=O)NC1=O)C2=CCCCCC2,0
Pyruvic acid,CC(=O)C(O)=O,0
Biperiden,OC(CCN1CCCCC1)(C2CC3CC2C=C3)c4ccccc4,0
Cefoperazone,CCN1CCN(C(=O)N[C@@H](C(=O)N[C@H]2[C@H]3SCC(=C(N3C2=O)C(O)=O)CSc4nnnn4C)c5ccc(O)cc5)C(=O)C1=O,0
Menadione,CC1=CC(=O)c2ccccc2C1=O,0
L-ornithine,NCCC[C@H](N)C(O)=O,0
Acetohydroxamic acid,CC(=O)NO,0
Vecuronium,[Br-].CC(=O)O[C@H]1C[C@@H]2CC[C@@H]3[C@H](CC[C@@]4(C)[C@H]3C[C@@H]([C@@H]4OC(C)=O)[N+]5(C)CCCCC5)[C@@]2(C)C[C@@H]1N6CCCCC6,0
Desmopressin,NC(=O)CCC1NC(=O)C(Cc2ccccc2)NC(=O)C(Cc3ccc(O)cc3)NC(=O)CCSSCC(NC(=O)C(CC(N)=O)NC1=O)C(=O)N4CCCC4C(=O)NC(CCCN=C(N)N)C(=O)NCC(N)=O,0
Aminolevulinic acid,CC(=O)CC(N)C(O)=O,0
Propylhexedrine,CNC(C)CC1CCCCC1,0
Cefepime,CO/N=C(C(=O)N[C@H]1[C@H]2SCC(=C(N2C1=O)C([O-])=O)C[N+]3(C)CCCC3)/c4csc(N)n4,0
Terlipressin,NCCCC[C@H](NC(=O)[C@@H]1CCCN1C(=O)[C@@H]2CSSC[C@H](NC(=O)CNC(=O)CNC(=O)CN)C(=O)N[C@@H](Cc3ccc(O)cc3)C(=O)N[C@@H](Cc4ccccc4)C(=O)N[C@@H](CCC(N)=O)C(=O)N[C@@H](CC(N)=O)C(=O)N2)C(=O)NCC(N)=O,0
Ceruletide,CSCC[C@H](NC(=O)[C@H](Cc1c[nH]c2ccccc12)NC(=O)CNC(=O)[C@@H](NC(=O)[C@H](Cc3ccc(O[S](O)(=O)=O)cc3)NC(=O)[C@H](CC(O)=O)NC(=O)[C@H](CCC(N)=O)NC(=O)[C@@H]4CCC(=O)N4)[C@@H](C)O)C(=O)N[C@@H](CC(O)=O)C(=O)N[C@@H](Cc5ccccc5)C(N)=O,0
L-glutamic acid,N[C@@H](CCC(O)=O)C(O)=O,0
Halobetasol propionate,CCC(=O)O[C@@]1([C@@H](C)C[C@H]2[C@@H]3C[C@H](F)C4=CC(=O)C=C[C@]4(C)[C@@]3(F)[C@@H](O)C[C@]12C)C(=O)CCl,0
Saxagliptin,N[C@H](C(=O)N1[C@@H](C[C@@H]2C[C@H]12)C#N)C34CC5CC(CC(O)(C5)C3)C4.OC(=O)C(F)(F)F,0
L-methionine,CSCC[C@H](N)C(O)=O,0
Picrotoxin,CC(=C)[C@@H]1[C@@H]2OC(=O)[C@H]1[C@]3(O)C[C@H]4O[C@]45C(=O)O[C@H]2[C@]35C.CC(C)(O)[C@@H]6[C@@H]7OC(=O)[C@H]6[C@]8(O)C[C@H]9O[C@]9%10C(=O)O[C@H]7[C@]8%10C,0
Procyclidine,OC(CCN1CCCC1)(C2CCCCC2)c3ccccc3,0
Cefotetan,CO[C@]1(NC(=O)C2S\C(S2)=C(\C(N)=O)C(O)=O)[C@H]3SCC(=C(N3C1=O)C(O)=O)CSc4nnnn4C,0
Creatine,CN(CC(O)=O)C(N)=N,0
Oxitriptan,NC(Cc1c[nH]c2ccc(O)cc12)C(O)=O,0
Icatibant,N[C@H](CCCN=C(N)N)C(=O)NC(CCCN=C(N)N)C(=O)N1CCCC1C(=O)N2C[C@H](O)CC2C(=O)NCC(=O)N[C@@H](Cc3sccc3)C(=O)N[C@@H](CO)C(=O)N4Cc5ccccc5CC4C(=O)N6[C@H]7CCCC[C@H]7CC6C(=O)N[C@@H](CCCN=C(N)N)C(O)=O,0
Docosanol,CCCCCCCCCCCCCCCCCCCCCCO,0
Sodium tetradecyl sulfate,[Na+].CCCCCCCCCCCCCCO[S]([O-])(=O)=O,0
Spermine,NCCCNCCCCNCCCN,0
Azidocillin,CC1(C)SC2C(NC(=O)C(N=[N+]=[N-])c3ccccc3)C(=O)N2C1C(O)=O,0
Xanthophyll,CC(=C\C=C\C=C(C)\C=C\C=C(C)\C=C\C1=C(C)C[C@@H](O)CC1(C)C)/C=C/C=C(C)/C=C/[C@H]2C(=C[C@H](O)CC2(C)C)C,0
Isopropamide,[OH-].[I].CC(C)[N+](C)(CCC(C(N)=O)(c1ccccc1)c2ccccc2)C(C)C,0
Acetophenazine,CC(=O)c1ccc2Sc3ccccc3N(CCCN4CCN(CCO)CC4)c2c1,0
Flumethasone pivalate,C[C@@H]1C[C@H]2[C@@H]3C[C@H](F)C4=CC(=O)C=C[C@]4(C)[C@@]3(F)[C@@H](O)C[C@]2(C)[C@@]1(O)C(=O)COC(=O)C(C)(C)C,0
Thioproperazine,CN1CCN(CCCN2c3ccccc3Sc4ccc(cc24)[S](=O)(=O)N(C)C)CC1,0
S-adenosylmethionine,C[S+](CC[C@H](N)C(O)=O)C[C@H]1O[C@H]([C@H](O)[C@@H]1O)n2cnc3c(N)ncnc23,0
Succinic acid,OC(=O)CCC(O)=O,0
Nystatin,CC1OC(=O)CC(O)CC(O)CC(O)CCC(O)C(O)CC(=O)CC(O)C(C(O)CC(OC2O[C@H](C)[C@@H](O)[C@H](N)[C@@H]2O)\C=C\C=C\C=C\C=C\CC/C=C/C=C/C(C)C(O)C1C)C(O)=O,0
Isothipendyl,CC(CN1c2ccccc2Sc3cccnc13)N(C)C,0
Enflurane,FC(F)OC(F)(F)C(F)Cl,0
L-cysteine,N[C@@H](CS)C(O)=O,0
Methacholine,CC(C[N+](C)(C)C)OC(C)=O,0
Diatrizoate,[Na].CC(=O)Nc1c(I)c(NC(C)=O)c(I)c(C(O)=O)c1I,0
Oxiconazole,Clc1ccc(CO\N=C(/Cn2ccnc2)c3ccc(Cl)cc3Cl)c(Cl)c1,0
Voglibose,OCC(CO)N[C@H]1C[C@](O)(CO)[C@@H](O)[C@H](O)[C@H]1O,0
L-asparagine,N[C@@H](CC(N)=O)C(O)=O,0
L-histidine,N[C@@H](Cc1c[nH]cn1)C(O)=O,0
Pivmecillinam,CC(C)(C)C(=O)OCOC(=O)C1N2[C@H](SC1(C)C)[C@H](N=CN3CCCCCC3)C2=O,0
Suramin,Cc1ccc(cc1NC(=O)c2cccc(NC(=O)Nc3cccc(c3)C(=O)Nc4cc(ccc4C)C(=O)Nc5ccc(c6cc(cc(c56)[S](O)(=O)=O)[S](O)(=O)=O)[S](O)(=O)=O)c2)C(=O)Nc7ccc(c8cc(cc(c78)[S](O)(=O)=O)[S](O)(=O)=O)[S](O)(=O)=O,0
Ethanolamine oleate,CCCCCCCC\C=C/CCCCCCCC(=O)OCCN,0
Testosterone propionate,CCC(=O)O[C@H]1CC[C@H]2[C@@H]3CCC4=CC(=O)CC[C@]4(C)[C@H]3CC[C@]12C,0
Salicylamide,NC(=O)c1ccccc1O,0
Acetaminophen,CC(=O)Nc1ccc(O)cc1,0
Halofantrine,CCCCN(CCCC)CCC(O)c1cc2c(Cl)cc(Cl)cc2c3cc(ccc13)C(F)(F)F,0
L-alanine,C[C@H](N)C(O)=O,0
Acepromazine,CN(C)CCCN1c2ccccc2Sc3ccc(cc13)C(C)=O,0
Cefmetazole,CO[C@]1(NC(=O)CSCC#N)[C@H]2SCC(=C(N2C1=O)C(O)=O)CSc3nnnn3C,0
Trabectedin,COc1cc2c(CCN[C@]23CS[C@H]4[C@H]5[C@@H]6N(C)[C@@H](Cc7cc(C)c(OC)c(O)c67)[C@H](O)N5[C@@H](COC3=O)c8c9OCOc9c(C)c(OC(C)=O)c48)cc1O,0
Prednicarbate,CCOC(=O)O[C@@]1(CC[C@H]2[C@@H]3CCC4=CC(=O)C=C[C@]4(C)[C@H]3[C@@H](O)C[C@]12C)C(=O)COC(=O)CC,0
Norgestimate,CC[C@]12CC[C@H]3[C@@H](CCC4=CC(/CC[C@H]34)=N/O)[C@@H]1CC[C@@]2(OC(C)=O)C#C,0
L-citrulline,N[C@@H](CCCNC(N)=O)C(O)=O,0
Fluticasone propionate,CCC(=O)O[C@@]1([C@H](C)C[C@H]2[C@@H]3C[C@H](F)C4=CC(=O)C=C[C@]4(C)[C@@]3(F)[C@@H](O)C[C@]12C)C(=O)SCF,0
Chlormerodrin,[Cl-].COC(C[Hg+])CNC(N)=O,0
Mivacurium,COc1cc2CC[N+](C)(CCCOC(=O)CC\C=C\CCC(=O)OCCC[N+]3(C)CCc4cc(OC)c(OC)cc4[C@H]3Cc5cc(OC)c(OC)c(OC)c5)[C@H](Cc6cc(OC)c(OC)c(OC)c6)c2cc1OC,0
Rimonabant,Cc1c(nn(c2ccc(Cl)cc2Cl)c1c3ccc(Cl)cc3)C(=O)NN4CCCCC4,0
L-lysine,NCCCC[C@H](N)C(O)=O,0
Amyl nitrite,CCCCCON=O,0
Guanethidine,NC(N)=NCCN1CCCCCCC1,0
NADH,NC(=O)C1=CN(C=CC1)C2OC(CO[P](O)(=O)O[P](O)(=O)OCC3OC(C(O)C3O)n4cnc5c(N)ncnc45)C(O)C2O,0
Methantheline,CC[N+](C)(CC)CCOC(=O)C1c2ccccc2Oc3ccccc13,0
Pentolinium,C[N+]1(CCCCC[N+]2(C)CCCC2)CCCC1,0
Adenosine triphosphate,Nc1ncnc2n(cnc12)[C@@H]3O[C@H](CO[P](O)(=O)O[P](O)(=O)O[P](O)(O)=O)[C@@H](O)[C@H]3O,0
Promazine,CN(C)CCCN1c2ccccc2Sc3ccccc13,0
Anidulafungin,CCCCCOc1ccc(cc1)c2ccc(cc2)c3ccc(cc3)C(=O)N[C@H]4C[C@@H](O)[C@@H](O)NC(=O)[C@@H]5[C@@H](O)[C@@H](C)CN5C(=O)[C@@H](NC(=O)[C@@H](NC(=O)[C@@H]6C[C@@H](O)CN6C(=O)[C@@H](NC4=O)[C@H](C)O)[C@H](O)[C@@H](O)c7ccc(O)cc7)[C@H](C)O,0
Pyrazinamide,NC(=O)c1cnccn1,0
Dalfopristin,CCN(CC)CC[S](=O)(=O)[C@@H]1CCN2C1C(=O)O[C@H](C(C)C)[C@H](C)\C=C/C(=O)NC/C=C\C(=C/[C@@H](O)CC(=O)Cc3occ(n3)C2=O)C,0
Propiomazine,CCC(=O)c1ccc2Sc3ccccc3N(CC(C)N(C)C)c2c1,0
Candicidin,CC\1COC(=O)CC(=O)CCCC(=O)CC(O)CC(O)CC(O)CC(=O)CC(O)C(C(O)CC(OC2OC(C)C(O)C(N)C2O)/C=C/C=C/C=C/C=C/C=C/C=C/C=C1)C(O)=O,0
Ouabain,C[C@@H]1O[C@@H](O[C@H]2C[C@@H](O)[C@]3(CO)C4[C@H](O)C[C@]5(C)[C@H](CC[C@]5(O)C4CC[C@]3(O)C2)C6=CC(=O)OC6)[C@H](O)[C@H](O)[C@H]1O,0
Polymyxin B sulfate,CCC(C)CCCCC(=O)NC(CCN)C(=O)NC(C(C)O)C(=O)NC(CCN)C(=O)NC1CCNC(=O)C(NC(=O)C(CCN)NC(=O)C(CCN)NC(=O)C(CC(C)C)NC(=O)C(Cc2ccccc2)NC(=O)C(CCN)NC1=O)C(C)O.O[S](O)(=O)=O,0
Cefixime,Nc1scc(n1)\C(=N\OCC(O)=O)C(=O)N[C@H]2[C@H]3SCC(=C(N3C2=O)C(O)=O)C=C,0
Cefmenoxime,CO/N=C(C(=O)N[C@H]1[C@H]2SCC(=C(N2C1=O)C(O)=O)CSc3nnnn3C)/c4csc(N)n4,0
Hetacillin,CC1(C)N[C@@H](C(=O)N1[C@H]2[C@H]3SC(C)(C)[C@@H](N3C2=O)C(O)=O)c4ccccc4,0
Micafungin,CCCCCOc1ccc(cc1)c2onc(c2)c3ccc(cc3)C(=O)N[C@H]4C[C@@H](O)[C@@H](O)NC(=O)[C@@H]5[C@@H](O)[C@@H](C)CN5C(=O)[C@@H](NC(=O)[C@@H](NC(=O)[C@@H]6C[C@@H](O)CN6C(=O)[C@@H](NC4=O)[C@@H](C)O)[C@H](O)[C@@H](O)c7ccc(O)c(O[S](O)(=O)=O)c7)[C@H](O)CC(N)=O,0
L-threonine,C[C@@H](O)[C@H](N)C(O)=O,0
Marimastat,CNC(=O)[C@@H](NC(/O)=C(/CC(C)C)C(=O)C(=O)NO)C(C)(C)C,0
Arsenic trioxide,O=[As]O[As]=O,0
Cromoglicic acid,OC(COc1ccc2OC(=CC(=O)c2c1)C(O)=O)COc3cccc4OC(=CC(=O)c34)C(O)=O,0
L-Glutamine,N[C@@H](CCC(N)=O)C(O)=O,0
Ixabepilone,C[C@H]1CCC[C@@]2(C)O[C@H]2C[C@H](NC(=O)C[C@H](O)C(C)(C)C(=O)[C@H](C)[C@H]1O)/C(C)=C/c3csc(C)n3,0
Mezlocillin,CC1(C)S[C@@H]2[C@H](NC(=O)[C@H](NC(=O)N3CCN(C3=O)[S](C)(=O)=O)c4ccccc4)C(=O)N2[C@H]1C(O)=O,0
Metaraminol,C[C@H](N)[C@H](O)c1cccc(O)c1,0
Phenacemide,NC(=O)NC(=O)Cc1ccccc1,0
Pivampicillin,CC(C)(C)C(=O)OCOC(=O)[C@@H]1N2[C@H](SC1(C)C)[C@H](NC(=O)[C@H](N)c3ccccc3)C2=O,0
Triflupromazine,CN(C)CCCN1c2ccccc2Sc3ccc(cc13)C(F)(F)F,0
Amdinocillin,CC1(C)S[C@@H]2[C@H](N=CN3CCCCCC3)C(=O)N2[C@H]1C(O)=O,0
Glucosamine,N[C@H]1C(O)O[C@H](CO)[C@@H](O)[C@@H]1O,0
Ceforanide,NCc1ccccc1CC(=O)N[C@H]2[C@H]3SCC(=C(N3C2=O)C(O)=O)CSc4nnnn4CC(O)=O,0
Isoflurophate,CC(C)O[P](F)(=O)OC(C)C,0
L-tyrosine,N[C@@H](Cc1ccc(O)cc1)C(O)=O,0
Riboflavin,Cc1cc2N=C3C(=O)NC(=O)N=C3N(CC(O)C(O)C(O)CO)c2cc1C,0
Hydrocortamate,CCN(CC)CC(=O)OCC(=O)[C@@]1(O)CC[C@H]2[C@@H]3CCC4=CC(=O)CC[C@]4(C)[C@H]3[C@@H](O)C[C@]12C,0
Dactinomycin,CC(C)C1NC(=O)C(NC(=O)c2ccc(C)c3OC4=C(C)C(=O)C(=C(C(=O)NC5C(C)OC(=O)C(C(C)C)N(C)C(=O)CN(C)C(=O)C6CCCN6C(=O)C(NC5=O)C(C)C)C4=Nc23)N)C(C)OC(=O)C(C(C)C)N(C)C(=O)CN(C)C(=O)C7CCCN7C1=O,0
Fusidic acid,C[C@@H]1[C@H](O)CC[C@@]2(C)[C@H]1CC[C@@]3(C)[C@H]2[C@H](O)C[C@H]4\C([C@H](C[C@]34C)OC(C)=O)=C(/CCC=C(C)C)C(O)=O,0
Pentosan polysulfate,O[C@@H]1CO[C@@H](O[C@@H]2CO[C@@H](O)[C@H](O[S](O)(=O)=O)[C@H]2O[S](O)(=O)=O)[C@H](O[S](O)(=O)=O)[C@H]1O[S](O)(=O)=O,0
Spectinomycin,CN[C@@H]1[C@H](O)[C@H](NC)[C@H]2O[C@]3(O)[C@@H](O[C@H](C)CC3=O)O[C@@H]2[C@H]1O.O[S](O)(=O)=O,0
Diphemanil methylsulfate,CO[S]([O-])(=O)=O.C[N+]1(C)CCC(CC1)=C(c2ccccc2)c3ccccc3,0
Tolazoline,C1CN=C(Cc2ccccc2)N1,0
Chenodeoxycholic acid,C[C@H](CCC(O)=O)[C@H]1CC[C@H]2[C@@H]3[C@H](O)C[C@@H]4C[C@H](O)CC[C@]4(C)[C@H]3CC[C@]12C,0
Quinupristin,CC[C@@H]1NC(=O)[C@@H](NC(=O)c2ncccc2O)[C@@H](C)OC(=O)[C@@H](NC(=O)C3CC(=O)[C@H](CS[C@@H]4CN5CCC4CC5)CN3C(=O)[C@H](Cc6ccc(cc6)N(C)C)N(C)C(=O)[C@@H]7CCCN7C1=O)c8ccccc8.CCN(CC)CC[S](=O)(=O)[C@@H]9CCN%10[C@H]9C(=O)O[C@H](C(C)C)[C@H](C)\C=C/C(=O)NC/C=C\C(=C/[C@@H](O)CC(=O)Cc%11occ(n%11)C%10=O)C,0
Butoconazole,Clc1ccc(CCC(Cn2ccnc2)Sc3c(Cl)cccc3Cl)cc1,0
Tymazoline,CC(C)c1ccc(C)cc1OCC2=NCCN2,0
Isoflurane,FC(F)OC(Cl)C(F)(F)F,0
Tolnaftate,CN(C(=S)Oc1ccc2ccccc2c1)c3cccc(C)c3,0
Calcium gluceptate,[Ca++].OC[C@@H](O)[C@@H](O)[C@H](O)[C@@H](O)[C@@H](O)C([O-])=O.OC[C@@H](O)[C@@H](O)[C@H](O)[C@@H](O)[C@@H](O)C([O-])=O,0
Cefditoren,CO\N=C(C(=O)NC1[C@H]2SCC(=C(N2C1=O)C(O)=O)\C=C/c3scnc3C)\c4csc(N)n4,0
Formoterol,COc1ccc(CC(C)NCC(O)c2ccc(O)c(NC=O)c2)cc1,0
Echothiophate,[I-].CCO[P](=O)(OCC)SCC[N+](C)(C)C,0
Trimethaphan,CC1(C)C2CCC1(C[S]([O-])(=O)=O)C(=O)C2.O=C3N(Cc4ccccc4)C5C[S+]6CCCC6C5N3Cc7ccccc7,0
Cefotiam,CN(C)CCn1nnnc1SCC2=C(N3[C@H](SC2)[C@H](NC(=O)Cc4csc(N)n4)C3=O)C(O)=O,0
Dihydrotachysterol,CC(C)C(C)/C=C/C(C)C1CCC2C(/CCCC12C)=C/C=C3/CC(O)CCC3C,0
Gallium nitrate,[Ga+3].[O-][N+]([O-])=O.[O-][N+]([O-])=O.[O-][N+]([O-])=O,0
Enoxaparin,CC(=O)NC1C(O)OC(CO[S](O)(=O)=O)C(OC2OC(C(OC3OC(CO)C(OC4OC(C(O)C(O)C4O[S](O)(=O)=O)C(O)=O)C(O[S](O)(=O)=O)C3N[S](O)(=O)=O)C(O)C2O[S](O)(=O)=O)C(O)=O)C1O,0
Halothane,FC(F)(F)C(Cl)Br,0
Antrafenine,FC(F)(F)c1cccc(c1)N2CCN(CCOC(=O)c3ccccc3Nc4ccnc5cc(ccc45)C(F)(F)F)CC2,0
Bimatoprost,CCNC(=O)CCC\C=C/C[C@H]1[C@@H](O)C[C@@H](O)[C@@H]1\C=C\[C@@H](O)CCc2ccccc2,0
Metocurine iodide,[I-].[I-].COc1ccc2C[C@@H]3c4c(CC[N+]3(C)C)cc(OC)c(OC)c4Oc5ccc(C[C@H]6c7cc(Oc1c2)c(OC)cc7CC[N+]6(C)C)cc5,0
Gadofosveset trisodium,O.[Na+].[Na+].[Na+].[Gd+3].[O-]C(=O)CN(CCN(CC([O-])=O)CC([O-])=O)C[C@H](CO[P]([O-])(=O)OC1CCC(CC1)(c2ccccc2)c3ccccc3)N(CC([O-])=O)CC([O-])=O,0
Ethanol,CCO,0
Cefonicid,OC(C(=O)N[C@H]1[C@H]2SCC(=C(N2C1=O)C(O)=O)CSc3nnnn3C[S](O)(=O)=O)c4ccccc4,0
Gonadorelin,CC(C)CC(NC(=O)CNC(=O)C(Cc1ccc(O)cc1)NC(=O)C(CO)NC(=O)C(Cc2c[nH]c3ccccc23)NC(=O)C(Cc4[nH]cnc4)NC(=O)C5CCC(=O)N5)C(=O)NC(CCCN=C(N)N)C(=O)N6CCCC6C(=O)NCC(N)=O,0
L-valine,CC(C)[C@H](N)C(O)=O,0
Amrinone,NC1=CC(=CNC1=O)c2ccncc2,0
L-phenylalanine,N[C@@H](Cc1ccccc1)C(O)=O,0
Ciclopirox,CC1=CC(=O)N(O)C(=C1)C2CCCCC2.NCCO,0
Beclometasone dipropionate,CCC(=O)OCC(=O)[C@@]1(OC(=O)CC)[C@@H](C)C[C@H]2[C@@H]3CCC4=CC(=O)C=C[C@]4(C)[C@@]3(Cl)[C@@H](O)C[C@]12C,0
Vitamin C,OC[C@H](O)[C@H]1OC(=O)C(=C1O)O,0
L-arginine,N[C@@H](CCCNC(N)=N)C(O)=O,0
Cloxacillin,Cc1onc(c2ccccc2Cl)c1C(=O)N[C@H]3[C@H]4SC(C)(C)[C@@H](N4C3=O)C(O)=O,0
Meticillin,COc1cccc(OC)c1C(=O)N[C@H]2[C@H]3SC(C)(C)[C@@H](N3C2=O)C(O)=O,0
Hexobarbital,CN1C(=O)NC(=O)C(C)(C1=O)C2=CCCCC2,0
Pargyline,CN(CC#C)Cc1ccccc1,0
Methyl aminolevulinate,COC(=O)C(N)CC(C)=O,0
Alpha-linolenic acid,CC\C=C/C/C=C\C\C=C/CCCCCCCC(O)=O,0
Adefovir dipivoxil,CC(C)(C)C(=O)OCO[P](=O)(COCCn1cnc2c(N)ncnc12)OCOC(=O)C(C)(C)C,0
Doxacurium chloride,[Cl-].[Cl-].COc1cc(CC2c3c(CC[N+]2(C)CCCOC(=O)CCC(=O)OCCC[N+]4(C)CCc5cc(OC)c(OC)c(OC)c5C4Cc6cc(OC)c(OC)c(OC)c6)cc(OC)c(OC)c3OC)cc(OC)c1OC,0
Dimethyl sulfoxide,C[S](C)=O,0
Leucovorin,O.[Ca].NC1=NC(=O)C2=C(NCC(CNc3ccc(cc3)C(=O)NC(CCC(O)=O)C(O)=O)N2C=O)N1,0
Cycrimine,OC(CCN1CCCCC1)(C2CCCC2)c3ccccc3,0
Pentagastrin,CSCCC(NC(=O)C(Cc1c[nH]c2ccccc12)NC(=O)CCNC(=O)OCC(C)C)C(=O)NC(CC(O)=O)C(=O)NC(Cc3ccccc3)C(N)=O,0
Pipotiazine,CN(C)[S](=O)(=O)c1ccc2Sc3ccccc3N(CCCN4CCC(CCO)CC4)c2c1,0
Streptozocin,CN(N=O)C(=O)N[C@H]1[C@@H](O)O[C@H](CO)[C@@H](O)[C@@H]1O,0
Masoprocol,C[C@H](Cc1ccc(O)c(O)c1)[C@@H](C)Cc2ccc(O)c(O)c2,0
Methoxyflurane,COC(F)(F)C(Cl)Cl,0
Pipecuronium,CC(=O)O[C@H]1C[C@@H]2CC[C@@H]3[C@H](CC[C@@]4(C)[C@H]3C[C@@H]([C@@H]4OC(C)=O)N5CC[N+](C)(C)CC5)[C@@]2(C)C[C@@H]1N6CC[N+](C)(C)CC6,0
Oxacillin,Cc1onc(c2ccccc2)c1C(=O)N[C@H]3[C@H]4SC(C)(C)[C@@H](N4C3=O)C(O)=O,0
Calcium acetate,[Ca++].CC([O-])=O.CC([O-])=O,0
Cisatracurium besylate,COc1ccc(C[C@@H]2c3cc(OC)c(OC)cc3CC[N@+]2(C)CCC(=O)OCCCCCOC(=O)CC[N@@+]4(C)CCc5cc(OC)c(OC)cc5[C@H]4Cc6ccc(OC)c(OC)c6)cc1OC.[O-][S](=O)(=O)c7ccccc7.[O-][S](=O)(=O)c8ccccc8,0
Magnesium oxide,O=[Mg],0
Saprisartan,CCc1nc(C2CC2)c(n1Cc3ccc4oc(c(Br)c4c3)c5ccccc5N[S](=O)(=O)C(F)(F)F)C(N)=O,0
Cholecalciferol,CC(C)CCC[C@@H](C)[C@H]1CC[C@H]2\C(CCC[C@]12C)=C\C=C3/C[C@@H](O)CCC3=C,0
Betazole,NCCc1[nH]ncc1,0
Metixene,CN1CCCC(CC2c3ccccc3Sc4ccccc24)C1,0
Deferoxamine,CC(=O)N(O)CCCCCNC(=O)CCC(=O)N(O)CCCCCNC(=O)CCC(=O)N(O)CCCCCN,0
Carphenazine,CCC(=O)c1ccc2Sc3ccccc3N(CCCN4CCN(CCO)CC4)c2c1,0
Procaterol,CCC(NC(C)C)C(O)c1ccc(O)c2NC(=O)C=Cc12,0
Suprofen,CC(C(O)=O)c1ccc(cc1)C(=O)c2sccc2,0
Alfacalcidol,CC(C)CCC[C@@H](C)[C@H]1CC[C@H]2\C(CCC[C@]12C)=C\C=C3\C[C@@H](O)C[C@H](O)C3=C,0
Isometheptene,CNC(C)CCC=C(C)C,0
Azlocillin,CC1(C)S[C@@H]2[C@H](NC(=O)[C@@H](NC(=O)N3CCNC3=O)c4ccccc4)C(=O)N2[C@H]1C(O)=O,0
Clocortolone,C[C@@H]1CC2C3C[C@H](F)C4=CC(=O)C=CC4(C)[C@@]3(Cl)C(O)CC2(C)C1C(=O)CO,0
Gallamine triethiodide,[I-].[I-].[I-].CC[N+](CC)(CC)CCOc1cccc(OCC[N+](CC)(CC)CC)c1OCC[N+](CC)(CC)CC,0
Phenindamine,CN1CCC2=C(C1)C(c3ccccc3)c4ccccc24,0
Levosimendan,C[C@@H]1CC(=O)NN=C1c2ccc(NN=C(C#N)C#N)cc2,0
Adenine,Nc1ncnc2nc[nH]c12,0
Methotrimeprazine,COc1ccc2Sc3ccccc3N(C[C@H](C)CN(C)C)c2c1,0
Gadopentetate dimeglumine,[Gd+3].CNC[C@H](O)[C@@H](O)[C@H](O)[C@H](O)CO.CNC[C@H](O)[C@@H](O)[C@H](O)[C@H](O)CO.OC(=O)CN(CCN(CCN(CC(O)=O)CC([O-])=O)CC([O-])=O)CC([O-])=O,0
Anisindione,COc1ccc(cc1)C2C(=O)c3ccccc3C2=O,0
L-tryptophan,N[C@@H](Cc1c[nH]c2ccccc12)C(O)=O,0
Rocuronium,CC(=O)O[C@H]1[C@H](C[C@H]2[C@@H]3CC[C@H]4C[C@H](O)[C@H](C[C@]4(C)[C@H]3CC[C@]12C)N5CCOCC5)[N+]6(CCCC6)CC=C,0
Gadobenate dimeglumine,[Gd+3].CNC[C@H](O)[C@@H](O)[C@H](O)[C@H](O)CO.CNC[C@H](O)[C@@H](O)[C@H](O)[C@H](O)CO.[H+].[H+].[O-]C(=O)CN(CCN(CC([O-])=O)CC([O-])=O)CCN(CC([O-])=O)C(COCc1ccccc1)C([O-])=O,0
Idarubicin,C[C@@H]1O[C@H](C[C@H](N)[C@@H]1O)O[C@H]2C[C@@](O)(Cc3c(O)c4C(=O)c5ccccc5C(=O)c4c(O)c23)C(C)=O,0
Levonordefrin,C[C@H](N)[C@H](O)c1ccc(O)c(O)c1,0
Decamethonium,C[N+](C)(C)CCCCCCCCCC[N+](C)(C)C,0
Deslanoside,C[C@H]1O[C@H](C[C@H](O)[C@@H]1O[C@H]2C[C@H](O)[C@H](O[C@H]3C[C@H](O)[C@H](O[C@@H]4O[C@H](CO)[C@@H](O)[C@H](O)[C@H]4O)[C@@H](C)O3)[C@@H](C)O2)O[C@H]5CC[C@@]6(C)[C@H](CC[C@@H]7[C@@H]6C[C@@H](O)[C@]8(C)[C@H](CC[C@]78O)C9=CC(=O)OC9)C5,0
Valrubicin,CCCCC(=O)OCC(=O)[C@@]1(O)C[C@H](O[C@H]2C[C@H](NC(=O)C(F)(F)F)[C@H](O)[C@H](C)O2)c3c(O)c4C(=O)c5c(OC)cccc5C(=O)c4c(O)c3C1,0
Ceftibuten,O.O.Nc1scc(n1)\C(=C\CC(O)=O)C(=O)N[C@H]2[C@H]3SCC=C(N3C2=O)C(O)=O,0
Dihydroxyaluminium,O[Al]O,0
Lucanthone,CCN(CC)CCNc1ccc(C)c2Sc3ccccc3C(=O)c12,0
Pyridoxal,Cc1ncc(CO)c(C=O)c1O,0
Ipratropium bromide,[Br-].CC(C)[N+]1(C)C2CCC1CC(C2)OC(=O)C(CO)c3ccccc3,0
Ethambutol,CC[C@@H](CO)NCCN[C@@H](CC)CO,0
Bentoquatam,O.O=[Al]O[Al]=O.O=[Si]=O,0
Propericiazine,OC1CCN(CCCN2c3ccccc3Sc4ccc(cc24)C#N)CC1,0
Cetrorelix,CC(C)C[C@H](NC(=O)[C@@H](CCCNC(N)=O)NC(=O)[C@H](Cc1ccc(O)cc1)NC(=O)[C@H](CO)NC(=O)[C@@H](Cc2cccnc2)NC(=O)[C@@H](Cc3ccc(Cl)cc3)NC(=O)[C@@H](Cc4ccc5ccccc5c4)NC(C)=O)C(=O)N[C@@H](CCCNC(N)=N)C(=O)N6CCC[C@H]6C(=O)N[C@H](C)C(N)=O.OC(=O)C(F)(F)F,0
Bacitracin,CCC(C)C(N)C1=NC(CS1)C(=O)N[C@@H](CC(C)C)C(=O)N[C@H](CCC(O)=O)C(=O)N[C@@H]([C@@H](C)CC)C(=O)NCCCC[C@@H]2NC(=O)[C@H](CC(N)=O)NC(=O)[C@@H](CC(O)=O)NC(=O)[C@H](Cc3[nH]cnc3)NC(=O)[C@@H](Cc4ccccc4)NC(=O)[C@@H](NC(=O)[C@@H](CCCN)NC2=O)[C@@H](C)CC,0
Dicloxacillin,Cc1onc(c1C(=O)N[C@H]2[C@H]3SC(C)(C)[C@@H](N3C2=O)C(O)=O)c4c(Cl)cccc4Cl,0
Iodixanol,CC(=O)N(CC(O)CN(C(C)=O)c1c(I)c(C(=O)NCC(O)CO)c(I)c(C(=O)NCC(O)CO)c1I)c2c(I)c(C(=O)NCC(O)CO)c(I)c(C(=O)NCC(O)CO)c2I,0
Cefamandole,Cn1nnnc1SCC2=C(N3[C@H](SC2)[C@H](NC(=O)[C@H](O)c4ccccc4)C3=O)C(O)=O,0
Ergocalciferol,CC(C)[C@@H](C)/C=C/[C@@H](C)[C@H]1CC[C@H]2\C(CCC[C@]12C)=C\C=C3/C[C@@H](O)CCC3=C,0
Mifepristone,CC#C[C@]1(O)CC[C@H]2[C@@H]3CCC4=CC(=O)CCC4=C3[C@H](C[C@]12C)c5ccc(cc5)N(C)C,0
Choline,C[N+](C)(C)CCO,0
L-serine,N[C@@H](CO)C(O)=O,0
Erythrityl tetranitrate,[O-][N+](=O)OCC(O[N+]([O-])=O)C(CO[N+]([O-])=O)O[N+]([O-])=O,0
Amphotericin B,C[C@H]1O[C@@H](O[C@@H]\2C[C@@H]3O[C@](O)(C[C@@H](O)C[C@@H](O)[C@H](O)CC[C@@H](O)C[C@@H](O)CC(=O)O[C@@H](C)[C@H](C)[C@H](O)[C@@H](C)\C=C/C=C\C=C/C=C\C=C/C=C\C=C2)C[C@H](O)[C@H]3C(O)=O)[C@@H](O)[C@@H](N)[C@@H]1O,0
Tetrahydrofolic acid,NC1=NC2=C(NC(CNc3ccc(cc3)C(=O)N[C@@H](CCC(O)=O)C(O)=O)CN2)C(=O)N1,0
Vapreotide,CC(C)C1NC(=O)C(CCCCN)NC(=O)C(Cc2c[nH]c3ccccc23)NC(=O)C(Cc4ccc(O)cc4)NC(=O)C(CSSCC(NC1=O)C(=O)NC(Cc5c[nH]c6ccccc56)C(N)=O)NC(=O)C(N)Cc7ccccc7,0
Tyloxapol,CC(C)(C)CC(C)(C)c1ccc(O)cc1.C=O.C2CO2,0
Gamma-homolinolenic acid,CCCCC\C=C/C/C=C\C\C=C/CCCCCCC(O)=O,0
Desflurane,FC(F)OC(F)C(F)(F)F,0
Ammonium lactate,[NH4+].CC(O)C([O-])=O,0
Flucloxacillin,Cc1onc(c1C(=O)N[C@H]2[C@H]3SC(C)(C)[C@@H](N3C2=O)C(O)=O)c4c(F)cccc4Cl,0
L-cystine,N[C@@H](CSSC[C@H](N)C(O)=O)C(O)=O,0
Liotrix,[Na+].[Na+].N[C@@H](Cc1cc(I)c(Oc2ccc(O)c(I)c2)c(I)c1)C([O-])=O.N[C@@H](Cc3cc(I)c(Oc4cc(I)c(O)c(I)c4)c(I)c3)C([O-])=O,0
Amifostine,NCCCNCCS[P](O)(O)=O,0
Colistin,CCC(C)CCCC(=O)N[C@@H](CCN)C(=O)N[C@@H]([C@@H](C)O)C(=O)N[C@@H](CCN)C(=O)N[C@H]1CCNC(=O)[C@@H](NC(=O)[C@H](CCN)NC(=O)[C@H](CCN)NC(=O)[C@H](CC(C)C)NC(=O)[C@@H](CC(C)C)NC(=O)[C@H](CCN)NC1=O)[C@@H](C)O,0
Penicillin G,CC1(C)S[C@@H]2[C@H](NC(=O)Cc3ccccc3)C(=O)N2[C@H]1C(O)=O,0
Sitaxentan,CC1=CC2=C(C=C1CC(=O)C3=C(C=CS3)S(=O)(=O)NC4=C(C(=NO4)C)Cl)OCO2,0
Ticagrelor,CCCSC1=NC(=C2C(=N1)N(N=N2)C3CC(C(C3O)O)OCCO)NC4CC4C5=CC(=C(C=C5)F)F,0
Plerixafor,C1CNCCNCCCN(CCNC1)CC2=CC=C(C=C2)CN3CCCNCCNCCCNCC3,0
Natamycin,CC1CC=CC=CC=CC=CC(CC2C(C(CC(O2)(CC(CC3C(O3)C=CC(=O)O1)O)O)O)C(=O)O)OC4C(C(C(C(O4)C)O)N)O,0
Degarelix,CC(C)CC(C(=O)NC(CCCCNC(C)C)C(=O)N1CCCC1C(=O)NC(C)C(=O)N)NC(=O)C(CC2=CC=C(C=C2)NC(=O)N)NC(=O)C(CC3=CC=C(C=C3)NC(=O)C4CC(=O)NC(=O)N4)NC(=O)C(CO)NC(=O)C(CC5=CN=CC=C5)NC(=O)C(CC6=CC=C(C=C6)Cl)NC(=O)C(CC7=CC8=CC=CC=C8C=C7)NC(=O)C,0
Colistimethate,CCC(C)CCCCC(=O)NC(CCNCS(=O)(=O)[O-])C(=O)NC(C(C)O)C(=O)NC(CCNCS(=O)(=O)[O-])C(=O)NC1CCNC(=O)C(NC(=O)C(NC(=O)C(NC(=O)C(NC(=O)C(NC(=O)C(NC1=O)CCNCS(=O)(=O)[O-])CC(C)C)CC(C)C)CCNCS(=O)(=O)[O-])CCNCS(=O)(=O)[O-])C(C)O.[Na+].[Na+].[Na+].[Na+].[Na+],0
Demecarium,CN(CCCCCCCCCCN(C)C(=O)OC1=CC=CC(=C1)[N+](C)(C)C)C(=O)OC2=CC=CC(=C2)[N+](C)(C)C,0
Hexafluronium,C[N+](C)(CCCCCC[N+](C)(C)C1C2=CC=CC=C2C3=CC=CC=C13)C4C5=CC=CC=C5C6=CC=CC=C46,0
Ivacaftor,CC(C)(C)C1=CC(=C(C=C1NC(=O)C2=CNC3=CC=CC=C3C2=O)O)C(C)(C)C,0
gadoteridol,CC(CN1CCN(CCN(CCN(CC1)CC(=O)[O-])CC(=O)[O-])CC(=O)[O-])O.[Gd+3],0
Fosaprepitant,CC(C1=CC(=CC(=C1)C(F)(F)F)C(F)(F)F)OC2C(N(CCO2)CC3=NN(C(=O)N3)P(=O)(O)O)C4=CC=C(C=C4)F,0
